indicator_type,indicator_value,context,confidence_level
File Hash,chang.com,Baby knowledge him way decision morning like.,High
File Hash,137.123.95.16,Item we learn apply.,Medium
Domain,67.55.113.206,Religious short modern why budget task world.,Low
IP Address,hall-hunt.com,Moment international area PM detail positive.,Low
Domain,owens-reyes.org,Cell future near.,Low
Domain,lopez.com,Send hand until leader.,High
IP Address,wong.net,Action conference than.,Medium
IP Address,53.210.231.79,Despite land list agree.,High
File Hash,day.com,Cup week health or skin keep.,Medium
IP Address,16.229.230.202,Unit debate order member.,High
Domain,115.61.105.25,Which look moment address.,Low
File Hash,green.com,Way indeed sing.,Medium
File Hash,holland.com,Beautiful audience center born do.,High
Domain,159.104.156.142,Mr use glass say high work onto.,High
Domain,orozco.org,Charge answer expect certain.,Low
IP Address,27.169.72.119,Western speech international sort.,Medium
IP Address,gonzalez.com,Member outside nice seven stand.,Low
File Hash,166.225.105.5,Create result land challenge.,Medium
Domain,134.240.91.55,Address drive run character any often.,Low
Domain,cameron-le.org,Sort put game dog certainly financial public.,Low
IP Address,4.135.6.0,Religious anything central also.,Low
File Hash,137.162.125.101,Near plant clearly too.,Low
File Hash,5.106.13.133,Machine amount goal culture maybe daughter.,Medium
Domain,86.164.20.31,Wide only meeting man newspaper because analysis.,Medium
Domain,rose.org,Learn smile over every easy single above.,High
Domain,178.122.139.196,Soon center work suddenly finally fall.,Low
Domain,howard.com,Compare worker morning quite reach however.,High
Domain,nguyen.com,Officer sea behind someone.,Medium
Domain,petersen.com,Western read fall stock.,Medium
File Hash,7.142.20.90,Hundred best success across bar avoid wear.,High
Domain,stephenson.com,End clear sea drive.,Medium
IP Address,56.194.206.39,Response should firm.,Medium
File Hash,hoffman.com,Situation against remember wind home across.,Low
IP Address,garrett-bowman.com,Piece watch put way.,Low
Domain,108.33.25.98,Popular class but able whose position.,Medium
IP Address,163.213.70.148,Citizen single apply one thousand executive into office.,Low
Domain,89.52.160.7,Thought item official fly reduce idea hair.,High
IP Address,rollins-soto.com,Wind wish lawyer.,Medium
File Hash,97.94.239.131,Exactly range always common ask body.,High
IP Address,walker-campbell.com,Recognize part statement fire.,Medium
IP Address,lawson-gross.org,Someone event industry program window conference middle.,Low
Domain,davis-burgess.biz,Police degree head business.,Low
IP Address,rodriguez.com,Line performance establish authority baby.,High
IP Address,21.198.234.128,Child hand claim line.,Medium
File Hash,cantu-thomas.com,Less particular section sell within pay them.,Low
Domain,burton.info,Wish good him find attack environment.,Low
IP Address,223.196.179.204,Sing forward understand part common.,High
IP Address,carpenter-gilbert.org,While force too.,Medium
Domain,estes.biz,Defense customer she health little modern top.,Low
IP Address,tanner-shaffer.org,Property guy information music boy.,High
File Hash,ramirez-gray.com,International nation theory government old Mr yes agreement.,High
File Hash,rasmussen-brown.com,Chair skill strategy case rate dinner wonder.,Low
Domain,18.51.87.124,Production today similar hundred.,Low
File Hash,143.142.187.250,Population west professional.,High
IP Address,21.34.201.9,Than decade field large call south cause avoid.,Medium
Domain,121.232.197.60,History main tree first six.,Medium
Domain,90.245.206.28,Practice level water newspaper still.,High
IP Address,dudley-ortiz.com,Draw area coach decide baby well by.,Medium
IP Address,webster-anderson.org,Number trip staff discussion.,High
IP Address,101.137.252.220,Country often school their others.,High
IP Address,20.4.177.125,Not every something new majority low.,Medium
Domain,willis.com,Now employee today wide.,Low
Domain,watson.com,Lose instead president play myself interest need level.,Medium
IP Address,68.201.3.7,Guess manage purpose huge physical body.,Medium
File Hash,russell-fernandez.com,Ok sign white resource use finish.,High
Domain,167.46.11.181,Impact minute deep federal rather side move.,High
IP Address,102.134.175.115,Relate fact paper soldier theory.,High
Domain,vasquez.com,Still very raise produce.,Low
File Hash,tucker.com,Subject commercial raise recognize.,Low
Domain,abbott-sutton.com,Street out soon.,Low
Domain,9.23.173.66,Charge thought feel.,Medium
File Hash,219.235.113.84,Painting game shoulder money.,Low
Domain,brown.com,Environment start direction tonight describe smile high.,Medium
Domain,allison.com,Throughout contain we nor.,Low
IP Address,154.164.71.84,Be couple read vote rest wind.,Medium
IP Address,27.204.6.92,Contain and realize.,Medium
IP Address,adams.com,Big stock suggest those pay president mission.,Low
File Hash,151.198.158.229,Benefit treatment win fight.,Medium
IP Address,56.124.176.251,Still seek end must law listen.,Medium
File Hash,romero-taylor.com,Tax enjoy six address mind at art on.,High
Domain,198.51.189.114,Dog discussion speak city group heart.,Low
Domain,167.107.192.237,Manage much around civil game.,High
Domain,bailey.com,Positive take those learn.,Medium
IP Address,3.168.190.38,Can pick gun unit use.,Low
Domain,robinson.com,Everything common five idea.,Low
IP Address,castro-curtis.com,Boy player talk care.,High
IP Address,96.96.98.211,Indicate one concern exist some indicate right glass.,Medium
IP Address,hernandez-dominguez.com,Know record across.,Medium
File Hash,perez.org,Generation because while.,High
File Hash,ballard.com,Feeling general somebody for fall skin draw.,Medium
Domain,14.136.5.70,Alone yes smile agent option political simple.,High
IP Address,121.57.53.89,Share small again physical maybe ask.,High
File Hash,212.55.220.4,Catch know either indicate cost subject push.,Medium
IP Address,arias.org,Rule discover wide I society.,High
IP Address,74.166.84.6,Participant travel sing deal rest.,Medium
IP Address,133.16.107.69,Point what to process get seat local.,High
Domain,cowan.com,Common though several political.,Low
IP Address,rodriguez-medina.info,Product green require former provide skill.,Low
Domain,70.119.79.51,Professional sport those far people bad miss.,Low
File Hash,87.20.171.26,Industry front guess drive.,High
IP Address,mitchell.com,Beautiful speech paper clearly past.,High
IP Address,91.197.226.64,Factor fast night.,Medium
File Hash,cochran-herrera.info,Member cell would politics while section.,High
IP Address,96.105.151.141,Threat fact year month most.,Medium
Domain,108.246.249.220,Morning well operation specific.,Low
IP Address,rivas.com,Onto Democrat leave she inside especially test.,High
IP Address,waters.com,Major up season catch.,Low
File Hash,180.166.203.13,Course hope collection statement food more conference.,High
File Hash,64.244.124.251,Popular bank first cut.,Low
IP Address,barrett.com,Behind federal mission clear foreign service.,Low
File Hash,prince.com,Floor sit respond area relationship.,Medium
IP Address,168.201.211.112,Father know drop get else enjoy.,Low
File Hash,91.107.184.163,Onto trade stuff draw either serious.,High
IP Address,williams.com,Arrive gas respond program.,Low
IP Address,campbell.biz,Else sing gun prove.,Low
Domain,147.193.34.46,Result authority religious.,High
Domain,wilson.com,Itself big life.,Medium
File Hash,clark.info,Operation generation beyond usually mother choice suffer.,Low
IP Address,200.39.226.112,Customer range do serve economy only.,Low
IP Address,129.0.248.126,Keep gas beyond song.,Medium
IP Address,200.178.179.198,Attention capital nice hotel catch enjoy.,High
Domain,189.24.166.109,Defense article across style may book exist.,High
Domain,167.81.5.158,Stock song me.,Low
Domain,little-riddle.info,Yeah happen nature group score.,High
Domain,carpenter.com,Nation executive data it maybe brother.,High
Domain,flynn.info,Yes color officer song.,Low
Domain,101.115.215.197,Financial consider himself fine hospital voice.,High
File Hash,sanders-harris.com,Rest thing eye more computer well write.,High
Domain,64.74.200.97,Upon expect pressure condition.,High
Domain,nguyen.biz,Return college response focus approach.,Low
Domain,gonzalez-beltran.net,Positive face end either.,Low
File Hash,hayes.com,If it why hour security check finally.,Medium
Domain,mckay-gonzalez.org,Without fill development collection Congress.,Low
Domain,218.175.24.43,Term Mr total.,Low
IP Address,turner.info,Follow price treat majority.,Low
File Hash,41.40.109.150,Four issue evening set sometimes determine.,Medium
IP Address,gonzalez-richardson.biz,From majority after voice better.,High
File Hash,mcclain-parrish.biz,Price such agree large expect lawyer society.,Medium
File Hash,ortiz.net,Fire local whether fire front open beat keep.,Low
File Hash,40.158.120.83,Clearly information right over perform blue.,High
IP Address,robinson-robinson.com,Rather involve Republican lot determine direction.,Low
File Hash,161.113.82.131,Laugh thousand before clear throw painting partner already.,High
File Hash,57.27.24.196,Charge war for industry sit.,Low
Domain,133.7.48.204,Eight sell nation maybe build.,High
File Hash,logan.net,Realize bit she game hot.,High
File Hash,byrd.biz,Several police risk.,High
File Hash,edwards.com,Employee machine join cultural foot area.,Medium
File Hash,186.182.7.189,Few investment theory tree.,Low
IP Address,french-perez.com,Goal form sure suddenly develop apply stage seek.,Medium
Domain,116.147.58.178,Large house pull red would key.,Low
IP Address,2.22.170.201,Citizen town important.,Low
Domain,dalton.com,Measure authority Democrat cause five mission blue rich.,Low
File Hash,griffin.com,Even office development stand past behind.,Low
IP Address,mayo.info,Important general read economic most special.,High
File Hash,bennett-newman.info,Medical degree carry left impact cause new camera.,Low
Domain,washington-stone.com,Then pretty experience learn.,Low
IP Address,136.62.141.250,Night everything team herself western reality seven.,High
File Hash,carlson.com,Home player reveal practice own national force.,High
File Hash,rowe.com,Various development break.,High
File Hash,209.62.193.236,Kitchen challenge author west station argue.,Medium
File Hash,99.166.237.74,Two market top plant born member.,Medium
File Hash,154.186.110.154,May describe ahead day me.,Medium
File Hash,wilson-archer.info,Concern education clearly conference style involve likely important.,High
IP Address,wilson.biz,Next avoid area begin job consider.,Medium
IP Address,52.59.123.184,Might manage admit loss left.,Low
Domain,219.35.141.175,Item natural than management chance finish.,Medium
Domain,124.123.205.217,Color especially deep the.,Low
File Hash,mccoy.com,Yourself join true sit strategy.,High
IP Address,97.39.226.105,Positive few by rule.,Low
Domain,conner.com,Less me agency seven Democrat.,Low
File Hash,lee.net,Star visit such government.,Medium
File Hash,181.18.101.85,Page dog knowledge name condition soldier low marriage.,Medium
File Hash,156.112.137.139,Relationship read job radio any firm political.,Low
File Hash,180.54.222.92,North true Republican in.,Low
File Hash,5.200.54.41,Ahead short line happy.,Low
Domain,112.90.78.171,Involve everything daughter yeah rule.,Medium
IP Address,121.93.179.126,End one office difference entire.,High
IP Address,duncan-romero.com,Tell paper important threat.,High
IP Address,70.52.82.14,Drop develop writer long ground kind.,Medium
Domain,rodriguez-baker.com,Report several say consumer soldier health citizen.,High
Domain,6.123.77.70,Approach contain quite low computer baby.,High
IP Address,dawson-smith.net,Yard public experience environment talk.,Low
File Hash,153.213.126.144,Road about model green throw.,High
File Hash,123.223.178.245,Significant help sure represent too lawyer.,High
IP Address,62.157.150.220,Open become particular race.,High
Domain,10.190.110.0,Service art authority shoulder student something most within.,High
Domain,95.36.104.67,Item drop something interest surface push.,Low
IP Address,suarez.org,Onto interview similar official gun cell necessary very.,High
Domain,lindsey-glass.com,Skill federal heavy anything out national leg.,High
Domain,robertson-bentley.com,Seem must enough.,High
Domain,73.194.193.101,Seem yourself tend although.,Low
Domain,vaughan-mcconnell.org,Task argue old watch us knowledge this save.,Medium
IP Address,walker.org,Growth upon stand control half me.,Medium
IP Address,156.204.32.55,Product protect on government.,Low
File Hash,gray.com,Make true trade east notice week.,Medium
IP Address,clark.com,Less design call food back.,Low
IP Address,194.32.75.239,Either wait worry dinner very almost.,High
Domain,160.49.253.116,Save place easy of teacher.,Medium
File Hash,saunders.biz,Record toward body get indicate Congress.,High
Domain,80.110.90.176,Yet also fight staff treat skill relationship.,High
File Hash,136.223.10.80,Sense then partner interesting bank many plan friend.,Low
Domain,stewart.com,Region else appear society herself million movie teacher.,Medium
File Hash,184.110.47.183,Lawyer husband stuff hospital imagine else effort.,Medium
IP Address,davidson.com,Loss meeting soldier trial.,Low
IP Address,91.179.151.135,Pull election doctor loss.,Medium
Domain,pierce.com,Because rise decide oil.,Medium
Domain,201.100.117.235,Fall activity happen ever.,High
IP Address,195.13.8.36,Week blue matter raise.,Low
IP Address,brewer.biz,Effort go level school discussion program.,Low
IP Address,todd.org,Price president including number.,Low
Domain,104.235.94.29,Item speech often source job voice once.,Low
File Hash,chapman-hall.org,Wide actually serious.,High
File Hash,26.91.158.178,Everybody last land write loss certain.,High
File Hash,smith.com,Else none across Republican beat tonight.,Medium
Domain,134.1.174.228,Believe individual suggest science live tax.,Low
IP Address,smith-petersen.biz,Perform floor soon at simple heart.,Low
Domain,95.167.228.129,Language structure somebody place simple once act.,High
Domain,62.48.250.135,Work often fill whose.,Low
IP Address,hill.org,Economy allow ok difficult property.,Medium
IP Address,81.106.228.139,Want financial situation his itself including.,High
File Hash,2.133.181.54,Set civil western blue.,Low
IP Address,119.55.133.204,Sing industry believe when popular remember clearly.,High
IP Address,170.107.171.122,Take generation smile growth.,Low
Domain,8.246.4.52,Reduce want outside close unit six.,Medium
File Hash,112.40.40.38,Reach gun you scientist away five him.,Low
IP Address,92.87.101.85,Section leader green music old.,Low
IP Address,169.112.100.23,Capital feeling next large difference sell behavior seven.,High
Domain,spears.com,Movement bank person else approach parent.,Medium
IP Address,41.13.168.134,Within Congress buy result seven.,Medium
Domain,cox-hayes.com,Charge including television ago argue.,Medium
IP Address,87.187.184.112,Common evening rock just ground.,Medium
Domain,hernandez.info,But partner assume step.,Low
File Hash,43.189.161.154,Eye task every movie standard such others.,Medium
File Hash,clark.biz,Win tell seven family pattern.,High
IP Address,sutton.org,Movement help especially such.,Medium
Domain,hernandez.org,Just need miss this second society guess.,Low
Domain,drake-baker.biz,Hotel direction ten character.,Low
Domain,mcdonald.com,Firm head its generation our.,Low
File Hash,lawson.com,However after north speak eye career have little.,High
IP Address,6.128.34.81,Strong agree past world reduce.,High
IP Address,brown.info,Then door exactly surface institution.,High
Domain,torres.com,Happen human reduce forward difference.,Medium
Domain,200.72.114.177,Reality item able for middle clear fear.,Low
IP Address,113.181.134.1,Force identify alone occur understand.,Medium
File Hash,1.141.152.224,Store itself about morning may law throughout.,High
File Hash,perry-torres.info,Born east anyone PM tend lawyer road.,Low
File Hash,vaughn.com,Operation leave every their already mother century.,Medium
Domain,adams.info,Season modern lay fact central.,Low
File Hash,56.19.25.130,Hit control oil least fact morning.,Low
IP Address,bennett.biz,Option left red white without despite write.,Medium
IP Address,williamson-mitchell.net,Remain discuss cost wrong.,Low
File Hash,220.163.1.213,Result south office mention.,Medium
IP Address,ball.com,That for health along.,Low
File Hash,bruce.com,In open health campaign may.,Low
File Hash,194.209.165.98,Series movement local.,High
IP Address,silva.biz,Middle technology yes quality rule.,Medium
IP Address,diaz-holden.com,Four down already it itself enjoy follow.,High
File Hash,wright.com,Daughter within avoid quite industry above.,High
File Hash,75.94.188.17,Second energy sometimes you system offer.,Low
File Hash,210.12.158.31,Respond market break responsibility away.,High
Domain,219.213.126.136,Value ball shake important include send.,Medium
Domain,22.55.114.194,Bit employee control feeling board.,Low
File Hash,96.130.151.129,Join conference all.,Low
Domain,42.2.187.95,Drop year interview consider hotel father clearly.,Low
Domain,lewis.com,Prepare well hold action goal.,Low
File Hash,143.130.210.207,Country painting issue when charge song.,High
Domain,davis-stevens.com,Mr well north way operation.,Low
File Hash,47.188.219.117,So increase option speak American product pressure.,Medium
File Hash,36.31.214.149,Ground court glass.,Low
IP Address,66.155.133.255,Space boy heavy popular.,Medium
Domain,rodriguez-zimmerman.com,Born fund week.,Low
Domain,herrera.com,Site girl man among.,Medium
IP Address,skinner.com,Hold would share action analysis.,Low
Domain,walters.com,Turn standard quite political first like.,Low
IP Address,anderson-coleman.com,Consider style nor few play see beat.,High
File Hash,chan.com,Yet although purpose body significant.,High
File Hash,chambers-miller.com,Against he six economy.,Medium
Domain,57.249.164.53,Partner rather their sure scientist economic.,High
Domain,202.84.48.71,Strong certain indeed image soldier relationship behind call.,High
IP Address,pearson.net,Reduce in idea thought traditional.,Low
File Hash,102.84.254.139,Step plant suffer huge chance.,Low
File Hash,180.107.108.186,Media rock use where vote.,High
IP Address,31.46.2.63,Our finish yet today speak.,Medium
IP Address,74.53.170.100,World as best personal.,Low
File Hash,131.73.146.195,Image he determine room morning choice.,Low
File Hash,knight.com,Full skill could such role his style how.,Medium
IP Address,franco.com,Your decade night check account state trip board.,Low
IP Address,128.246.234.192,Safe force simple trip fire.,Medium
Domain,porter.info,Fact wide church town pressure interest.,Low
File Hash,oneill.com,South almost method very feeling.,Low
Domain,abbott.com,Network well reach us voice cut tough.,High
Domain,211.77.211.13,Ahead woman thank civil level.,High
File Hash,69.75.233.206,Whether use east might organization near.,Medium
IP Address,murphy.com,Build buy dark position.,High
Domain,9.81.192.77,Event national including or hit.,Low
File Hash,owens.com,Scientist east per sound black prepare heart.,Low
File Hash,196.230.45.10,Range rather cut ability somebody allow.,Medium
IP Address,thomas-taylor.org,Bank relationship final situation morning approach crime.,High
IP Address,196.105.174.53,Road standard election evening.,Low
Domain,higgins.com,Hair customer food when same summer question.,High
File Hash,144.170.61.149,Popular sister he game skin face way.,Medium
File Hash,47.95.63.42,Loss control that decade.,High
IP Address,9.153.85.228,Test key listen half behind.,Low
Domain,brady-sanchez.com,Argue figure week idea she.,High
File Hash,mercado.com,Shoulder might some firm over factor describe.,Medium
Domain,189.180.174.162,Store attack assume local trade total former.,Medium
File Hash,195.24.246.30,Really foreign for economy growth election pay.,High
IP Address,walker-watson.com,Weight travel use major above inside.,Medium
Domain,201.2.88.251,Teacher resource personal race season.,High
Domain,103.236.80.58,Gas under body rate.,Medium
File Hash,90.207.243.245,Medical speech my knowledge.,Low
IP Address,oconnell.org,Common executive commercial likely federal.,Low
Domain,63.245.215.154,Assume practice about just compare.,Medium
Domain,102.179.182.219,Eat protect so great network stay.,High
Domain,171.121.79.117,Term city very between Mrs Mr concern.,Medium
Domain,133.17.213.62,Character make soldier matter pretty open store.,High
File Hash,11.91.171.45,Reach expect model sit job.,Medium
File Hash,80.164.83.125,Effort authority stay skin social some make.,High
Domain,220.85.72.202,Beyond city interview since think medical simple.,Low
File Hash,46.112.234.111,Price light together possible born.,High
File Hash,82.146.17.251,Stage civil as husband conference war.,Low
File Hash,kerr-lewis.org,Citizen pretty then something resource sport.,High
IP Address,194.203.40.0,Surface argue bar Democrat eight.,Low
Domain,flores.com,Director ten beyond special cover a about.,High
Domain,159.207.167.90,Drop reason police while candidate.,Low
Domain,117.70.173.136,College maybe phone less.,Low
File Hash,94.160.51.94,Condition place environmental off big believe speech.,High
IP Address,123.227.38.20,Type her its structure and difficult special state.,Medium
Domain,140.1.47.224,Receive him country perform something.,Medium
IP Address,154.213.141.52,Around energy quality.,Low
Domain,brown-patterson.org,Keep example air season find expect.,Medium
IP Address,harrison-savage.com,Anything charge bad decide drive vote pick run.,Medium
File Hash,204.114.190.167,Program always deep catch feel.,Medium
IP Address,115.29.153.225,Cover draw gun nice shake across raise own.,Medium
File Hash,foley.com,Sound paper age collection box view history.,Medium
Domain,163.227.48.53,Like improve moment into Democrat.,Low
File Hash,gomez.com,Inside share six argue tree tell.,High
IP Address,ward-hall.com,Lay knowledge rock beat.,High
Domain,54.48.82.253,Myself already recognize second.,Medium
Domain,rowland.com,Usually development phone avoid.,Medium
File Hash,116.211.143.42,Girl development news bring professor letter.,Low
Domain,18.169.69.139,First receive first.,Medium
File Hash,ramos.com,Environment whole plant on husband man second.,Low
Domain,63.250.236.39,Feeling mother less its reality good.,Low
IP Address,19.113.137.141,Star tough company box identify environmental.,Medium
IP Address,hart-pena.com,Respond learn they work.,Medium
File Hash,vaughn.biz,Even key enjoy author add stop.,Low
IP Address,39.245.248.26,Lay idea pattern.,High
IP Address,cooper-jones.com,Contain now central.,High
File Hash,dyer.com,Sound movie go life particular.,High
Domain,96.211.221.45,Half hot crime several address save special.,High
Domain,125.165.32.55,Serious language long happen role add dog street.,Medium
IP Address,30.167.105.250,Explain able against different.,Low
Domain,140.11.119.252,Room almost agreement charge field center.,High
File Hash,56.139.96.133,View approach picture ago he practice.,Medium
Domain,vazquez.com,Modern arrive pull then.,Medium
IP Address,terry.org,Practice either product allow.,High
IP Address,110.213.102.163,School someone card official yourself floor understand.,Low
Domain,hammond.com,Likely many front.,Low
File Hash,johnson-harmon.net,Camera notice idea likely what hear yes.,High
IP Address,maxwell-simmons.net,Law story after standard record always keep network.,Medium
File Hash,79.154.214.30,Some various him decision central east.,Low
IP Address,lara-harvey.com,Add ground account police team station by direction.,Medium
File Hash,119.233.251.149,Total whom environment hot imagine good door expect.,High
Domain,white.com,Space history natural.,Low
File Hash,dunn.net,Born argue approach service treatment next south able.,High
IP Address,williams.com,Make mother imagine that.,High
IP Address,190.182.213.142,Result maintain work care chair place political meet.,Medium
File Hash,186.80.238.167,Entire change apply debate now relate lay.,High
Domain,185.105.190.68,More individual PM never detail professional.,Medium
Domain,munoz-smith.info,Artist air method center bank.,Medium
File Hash,smith.com,Sister forward must around huge agree budget.,Medium
IP Address,140.79.146.55,Not allow list story meet measure past.,Medium
Domain,28.157.1.36,Good issue suddenly pick news.,High
File Hash,watts.net,Character cultural improve practice security water.,High
File Hash,pearson.com,Require point ahead keep.,High
Domain,59.56.225.31,Positive professional fish maintain here behind interesting.,High
File Hash,16.220.215.27,He outside word population.,Low
IP Address,watkins.com,Go leg put whatever once sea television.,Low
File Hash,25.100.138.243,Clearly until public ball least understand bring.,Low
IP Address,21.158.42.177,World enjoy describe trouble either economy throughout environmental.,Medium
Domain,johnson.info,Industry there spring itself feeling law.,Medium
File Hash,218.193.206.238,Start we social two summer key.,Medium
File Hash,flores.com,Through the reveal role husband must.,High
Domain,manning-moore.com,Draw theory remain let.,Low
IP Address,13.72.58.111,Have take sure order.,Low
Domain,35.157.58.186,Answer six pattern.,High
IP Address,ali-robinson.com,Fact specific western gas speech special energy.,Medium
Domain,175.129.149.45,Maintain room nice side.,Medium
IP Address,thompson.com,Situation open policy alone big.,Medium
Domain,morgan.com,These score door have magazine.,Medium
IP Address,wells.com,Before friend north particularly truth democratic within.,High
File Hash,52.217.10.229,Early tax between near crime.,Medium
File Hash,34.13.170.152,Minute accept easy.,High
File Hash,griffin-williams.org,Around city consider million trip best about.,High
IP Address,196.67.89.67,Little wear reality operation nation.,Medium
File Hash,johnson-brown.biz,Middle training green name identify result.,Medium
File Hash,182.232.79.88,Wide drug true develop individual.,Medium
Domain,bautista.com,Sound hundred tough business down series because.,Low
Domain,dougherty.com,But heart thus whether education attention.,Medium
File Hash,ross-dunn.info,She home customer some.,High
File Hash,perkins.com,Past green get let difference upon.,Low
File Hash,143.247.244.175,Believe success account trade in amount.,Low
IP Address,64.60.45.193,Worry hotel give.,High
File Hash,wade-paul.com,Responsibility trial certainly possible.,Low
File Hash,14.40.133.98,Act product bed probably.,Low
Domain,leonard.com,Develop one attention challenge beat.,Low
File Hash,208.149.27.145,Democratic population charge pretty doctor traditional spend.,High
File Hash,56.93.237.18,Statement movie analysis ready.,Low
File Hash,57.125.162.70,Nice make her throw learn fund owner local.,High
IP Address,booth.com,Travel member thus wait establish decide.,Low
IP Address,23.169.85.24,Yes individual mission himself laugh best.,High
File Hash,208.243.65.44,Beat dark matter floor local.,High
IP Address,burnett.com,Measure expect usually.,Low
IP Address,34.10.102.38,Store issue prevent couple western.,High
IP Address,43.51.50.156,Adult great old game.,Low
File Hash,116.122.72.74,Blood high particularly product cost.,Medium
IP Address,perez.info,Him south along his.,High
Domain,113.138.102.145,Theory religious set suffer.,Medium
File Hash,14.182.207.244,Market spring issue head close.,High
IP Address,31.169.19.164,May see else himself.,Medium
Domain,11.185.240.156,Member call interest toward trial.,High
File Hash,59.157.106.36,Poor ever away.,High
IP Address,valentine-mcdaniel.org,Case score sit west edge conference.,High
File Hash,wright-king.com,Bit man future great step see special.,Medium
File Hash,soto.com,Finish statement food if low.,Low
File Hash,williams.com,Effort major authority decision.,High
Domain,velez-knox.com,Agency sense treatment whether care.,High
Domain,67.30.6.205,Everybody them president father other little.,Medium
Domain,wilson-smith.net,Difference someone security push media painting.,High
File Hash,romero.biz,Technology reduce realize sell help soon.,High
File Hash,jackson-carson.com,Nothing like up though indeed size whom any.,High
File Hash,170.239.231.49,Respond attorney cause.,Low
File Hash,decker.net,Three nothing senior various box court.,High
Domain,17.143.64.121,Brother type professional seek him including nothing.,Low
File Hash,75.108.75.124,Likely mouth hit.,High
IP Address,rodriguez.com,Mention though support.,High
Domain,gilmore.info,Fire citizen first lot home weight very drop.,Medium
Domain,104.192.5.95,Dinner however leg suggest accept.,High
IP Address,thomas.com,Approach positive war call.,Medium
IP Address,147.113.228.50,Special other customer expect control such.,High
File Hash,75.170.173.245,None add simply heart customer physical address capital.,Low
File Hash,foster.org,Dream night affect treat television.,High
IP Address,57.181.111.208,During behavior agreement same.,Medium
Domain,155.61.166.223,Minute team performance compare take son future.,Low
IP Address,king.com,Walk trial process laugh hear budget leader specific.,High
File Hash,mendez-ramirez.com,In project single either could treatment remember.,Medium
File Hash,gomez.info,Within represent Congress physical responsibility.,Low
File Hash,164.178.67.76,Everything everyone impact second sport local.,Low
File Hash,37.69.64.195,Worry market them large because.,High
IP Address,212.24.1.78,Herself water federal team.,High
IP Address,159.210.106.45,Peace in join.,Low
IP Address,ochoa-carter.com,Good southern wall same easy sell.,Low
Domain,48.242.16.224,Lose goal they live.,Medium
File Hash,baker.org,On child position follow pick drug usually.,Low
IP Address,142.146.248.211,Into call rise alone professional nice.,Low
Domain,73.252.247.206,Tell someone carry special bit professor.,Medium
File Hash,adkins-green.biz,Action couple start hand public.,High
IP Address,sullivan.net,Late gun speech leader position friend animal.,High
Domain,huerta.info,Pressure look professional market civil.,Medium
File Hash,194.137.156.77,Case social teach science agent wish.,Medium
File Hash,72.152.191.253,For industry reason.,Low
Domain,valdez-gibson.info,Hope cold month cost usually enjoy.,Medium
File Hash,wilson-taylor.com,Line book modern policy.,High
Domain,40.232.9.87,Yes throw also Congress my statement.,High
IP Address,63.219.218.94,Read character beat house sell.,High
IP Address,134.200.198.238,Base institution perform arm data region.,Low
File Hash,152.9.188.116,Avoid keep feel surface tonight writer put five.,High
Domain,owens-blevins.org,Chance audience black now.,Medium
Domain,cox-graves.net,Office process trouble direction drug.,Low
File Hash,113.13.140.60,Manage better cultural impact.,Low
IP Address,80.242.133.67,Ball while dream.,Medium
File Hash,jones.net,Fast else end.,Medium
File Hash,lewis-pratt.com,Lead responsibility early share local.,Low
IP Address,eaton.com,Identify some practice forward control.,High
Domain,216.89.63.53,Around national best later under toward rock.,Medium
Domain,yu.org,Sit task soldier suffer modern position hold network.,Medium
File Hash,davenport-morris.com,Natural fine better debate case beautiful far.,High
File Hash,94.91.132.250,Easy age black some dark good year.,Medium
IP Address,86.179.74.86,Commercial kitchen skin front.,Medium
Domain,smith.net,Them along reduce matter.,High
File Hash,lamb.com,Election where cell.,Medium
Domain,hall-ibarra.org,Person computer degree capital mouth we.,High
Domain,williams-blackwell.net,Sport couple place.,Medium
IP Address,sharp-huber.com,Dream couple state four.,Medium
IP Address,126.107.246.164,Color person officer single create.,Low
IP Address,roberts-holmes.com,But onto rock rather authority down.,Medium
IP Address,89.199.34.139,Play director forward recent now shoulder.,High
File Hash,216.231.207.132,Almost vote born factor court.,Low
IP Address,goodman.com,Simply star again exist interview claim one ahead.,Low
File Hash,99.93.249.222,Audience difference interview fine wall.,Medium
File Hash,hansen-myers.com,Able decision above usually music field.,Medium
File Hash,218.181.62.181,Manager exist campaign big site try short image.,High
IP Address,brown.com,Part purpose bag power rich interest outside particular.,Medium
IP Address,199.50.146.59,Year spring always garden another.,Medium
Domain,cooper-richardson.info,Successful particular all decision send five easy.,Low
File Hash,webb.com,Hard family because organization give class pressure.,Medium
File Hash,96.216.108.67,Late beyond article whole hospital player likely.,Medium
IP Address,henderson.com,Hope forward price class fire.,Low
File Hash,garner-adams.info,Decade significant note Democrat meet member leave.,Medium
Domain,webb.info,Television may record strategy.,Low
IP Address,28.137.235.153,Marriage store also wish expect skill general.,Medium
File Hash,71.196.183.245,Fire leader three mind less.,Medium
IP Address,herring-gonzales.biz,Decade official travel candidate long long dinner full.,Medium
Domain,89.180.57.20,Attack out much probably medical.,Low
Domain,garcia.com,Consumer else project set.,High
IP Address,19.242.26.26,Tax how left friend interesting want apply.,Low
File Hash,perkins.org,Degree move but me.,High
File Hash,dunn.com,Billion race meet matter through.,Medium
Domain,reilly-brown.com,Cup member federal she whom.,Low
IP Address,85.138.20.12,Hair true car born maintain only remember.,Low
IP Address,19.61.125.207,Second type meeting arrive.,Medium
File Hash,56.164.72.0,Seem safe food unit house.,High
File Hash,122.212.143.8,Enough increase time fund music.,Medium
Domain,wilcox.org,Decision almost leave me standard.,High
Domain,57.125.38.31,Success write tax way rise.,High
File Hash,114.66.232.81,Former wear bank pretty half seat today.,Low
IP Address,spencer.org,Man throughout travel course.,Medium
Domain,smith.com,Leg their card hold budget close cultural realize.,Medium
Domain,52.111.112.189,Artist task accept could any.,High
Domain,204.145.183.128,Particular find role deal performance.,Medium
File Hash,king.com,Cut think author budget resource question edge language.,Medium
File Hash,velazquez.com,Popular senior water instead some evidence.,Low
IP Address,palmer.com,Hard town police admit decade recognize.,Low
File Hash,124.68.191.51,Suggest watch tough perhaps.,High
File Hash,jones-mendoza.com,Never southern American until beyond.,Medium
File Hash,morales-hansen.com,Bed two reveal single.,High
Domain,silva.com,Cost there question mouth.,Medium
Domain,141.134.236.8,Send benefit threat court.,High
IP Address,weaver.com,Year foreign peace she garden identify.,High
Domain,56.179.231.107,Recognize arrive pay mouth series.,Medium
Domain,97.189.119.20,Dog itself impact of what.,High
File Hash,14.28.91.196,Not case here indeed from.,Low
File Hash,fox.com,Bit work put thought generation continue send.,High
Domain,23.61.100.251,Worry but still matter check.,Medium
File Hash,201.81.61.179,Beautiful available likely.,High
Domain,30.41.79.175,Action wrong none gun professional.,High
File Hash,lane.com,Certainly you education week challenge whole least.,Low
File Hash,195.250.254.7,Able point machine.,Medium
File Hash,adams.biz,Act board we ability nation let.,Low
IP Address,rodriguez.com,Side image as to.,Low
IP Address,149.177.76.161,Size election safe although American concern avoid.,Low
IP Address,mata-burke.org,Position red help sit.,Low
IP Address,tran-whitaker.org,Tell floor good show job up.,High
IP Address,collins.com,Item interesting machine people home degree.,Medium
IP Address,183.141.113.27,Street Mrs stand.,Low
IP Address,123.105.7.205,High meeting blue write type want world.,Low
IP Address,cunningham-flores.com,Democratic send cultural street among perhaps several.,Low
Domain,99.129.111.58,Discover wonder whom.,Low
Domain,167.91.189.138,Writer approach ahead key those painting table dark.,High
Domain,71.65.134.36,Him bar have large stay.,Low
IP Address,7.6.28.66,Growth make official approach act research.,High
Domain,25.70.104.137,Note win sing send significant sport.,High
IP Address,brown.info,Enjoy listen Democrat.,High
Domain,luna-brooks.com,Rather eye game thank so.,Medium
File Hash,hamilton.org,Man ok simply movie.,Low
IP Address,walsh.com,Star social employee spring cost.,Low
File Hash,9.197.247.209,Step wish do stock under read start mind.,Low
Domain,13.125.234.213,Threat morning probably allow much.,High
IP Address,oneal.net,Reduce candidate will new cover item produce.,High
IP Address,carroll-williams.info,Have manage design ever.,Low
IP Address,126.177.57.93,Store each well debate song different.,Medium
IP Address,walsh-moyer.com,Eye laugh quality speech sign southern.,Low
IP Address,149.18.197.161,Hit age body strong challenge.,Medium
File Hash,92.205.1.145,With animal strategy lose need window front.,Medium
Domain,davis-butler.com,Product focus practice impact move.,High
IP Address,129.116.178.251,Million cover sort wait manager people.,High
Domain,williams.com,Let carry child even represent artist in.,Medium
IP Address,solis.com,Nation certain green.,High
Domain,marshall-lowe.com,Thus hit able east time rise.,Medium
Domain,194.85.218.14,Win blood certainly market here want decade.,Low
IP Address,4.196.33.29,Continue practice age community.,Medium
IP Address,decker-brown.com,Say discussion compare dinner news visit care.,Low
File Hash,80.157.183.69,Community open building bill father.,High
Domain,johnson.com,Safe dinner develop law understand sit discover dark.,Low
File Hash,wagner.net,Different live stay reduce grow ten party.,Low
IP Address,brown-cabrera.com,See continue wife role.,Low
IP Address,lopez-lloyd.com,Home heavy but.,Low
Domain,nelson.com,Baby agent sort condition.,Low
Domain,brown.com,See bank page policy most.,Low
IP Address,flores.com,Movie phone officer environment onto than history.,Low
IP Address,blackburn.com,Person performance choose air party.,Medium
File Hash,cruz-barrett.biz,Oil debate message evening family.,High
IP Address,133.138.28.10,Back personal personal find.,Medium
IP Address,3.30.193.135,Real size travel bag guy.,High
File Hash,smith.com,Voice benefit class pretty meet someone evening get.,Medium
File Hash,weber.net,Beat baby sometimes and carry Mrs message.,Medium
File Hash,114.80.142.199,Evening explain suddenly also.,Medium
File Hash,63.22.151.179,Throughout public night budget scene agree western.,High
IP Address,56.5.250.0,Through unit deep wait if of style point.,Medium
File Hash,39.98.118.28,Magazine particularly star degree similar scientist bad.,Low
File Hash,90.3.164.244,Affect especially capital with now.,Medium
File Hash,aguilar.com,Few follow approach.,High
IP Address,115.146.134.205,Service performance early everything home effect medical.,Low
Domain,20.118.143.238,Throw his yet low class yet.,Low
Domain,saunders.com,Pull somebody hot learn use.,Low
File Hash,daugherty.info,Opportunity key cup court provide imagine operation drive.,Low
File Hash,124.112.24.81,Describe yourself mention none own dog.,High
Domain,74.45.222.251,Carry indicate skill detail none.,Medium
Domain,harris.com,Continue off question outside.,High
Domain,romero.com,Box though left once.,Low
File Hash,78.155.242.206,Fight share little sport almost fight.,High
IP Address,martin-ball.com,Interview away throughout.,Medium
File Hash,54.28.154.60,Arrive song according have south.,Medium
Domain,55.235.127.222,Impact economy yeah.,Low
IP Address,clark.com,Owner tree state tend here water.,Medium
Domain,162.157.43.210,Citizen information race us again entire thousand.,Low
Domain,bowman.com,Few pick challenge standard rather event.,High
Domain,castillo.com,Shoulder own foot hot.,Low
File Hash,34.252.37.24,Large least television letter.,Low
Domain,greene.com,Summer PM power.,High
File Hash,27.171.217.102,Admit media that town remember better rise.,High
File Hash,43.41.114.84,Shoulder station challenge.,Low
IP Address,99.74.222.87,Letter article employee recognize why story.,Low
File Hash,166.235.111.66,Though back amount recent.,Low
Domain,60.237.250.139,Across increase if work answer.,High
IP Address,100.28.83.75,Where bring face speak.,Low
Domain,131.0.251.39,Today prove successful return admit.,High
File Hash,stewart-garrett.com,Example level source fine dog teach whose.,Low
Domain,130.42.72.185,Represent entire today leader.,High
Domain,46.232.201.226,Nice suddenly land picture idea away maintain.,Medium
IP Address,28.108.100.57,Debate they little human offer born process.,Low
Domain,nicholson-moody.net,Wonder main scientist interest.,High
IP Address,185.156.11.215,Son blue describe type writer activity.,Low
IP Address,scott.com,Best a yard own fact tonight enter.,Medium
IP Address,key.org,Government traditional quickly.,Medium
File Hash,186.123.168.6,Environment test office happen magazine lead model.,Medium
Domain,williams-hammond.com,Rest both catch let.,High
File Hash,92.95.228.239,Attention increase music without network thousand read.,Low
Domain,sampson.org,Ahead perhaps case environmental.,High
Domain,cox-pena.com,Local only matter these improve product Mr.,Low
File Hash,99.63.191.109,Current off audience.,High
File Hash,178.16.227.52,Land job huge ahead.,Medium
IP Address,robinson.com,Cup nearly most individual could.,Low
File Hash,scott.com,Hit beautiful between represent beautiful goal lose.,Medium
Domain,31.151.229.249,Morning message turn safe family heart.,Low
Domain,paul-morse.com,May word travel Republican talk report foreign.,Medium
Domain,83.41.238.39,Cultural game itself.,Medium
File Hash,23.86.181.65,Cultural particular political single claim.,Low
Domain,68.29.193.241,Girl region then director town modern.,Medium
Domain,hicks-gregory.com,Stop the list.,Low
IP Address,139.149.130.219,Cut bag consumer not phone raise reason.,Medium
File Hash,49.15.248.23,Follow despite house economy authority radio.,High
Domain,121.46.193.242,Produce cup student of development environment spend.,Medium
File Hash,klein-pena.com,Away art here product catch.,Low
Domain,carrillo.biz,Reach second clear million success.,High
Domain,203.120.119.214,Hit write mean.,Low
Domain,17.187.48.124,Training must past fund.,Medium
Domain,bates.com,Crime anything throw whether data.,Medium
IP Address,brewer-andersen.com,Politics center body.,Low
Domain,95.181.37.33,Choice Congress same democratic.,Low
Domain,210.110.69.108,Water similar leave someone executive but.,Medium
File Hash,60.75.186.134,Above arrive particular prove yeah specific reality hit.,Low
IP Address,smith-montgomery.net,Late late list buy Mrs.,Medium
Domain,129.77.92.111,Material relationship either cultural.,Medium
Domain,williams-stevens.org,Citizen bed environment night though home.,Low
IP Address,barnes.com,Special hair dog hear card east race.,Low
Domain,39.181.77.203,Realize room suffer those front recent.,High
IP Address,46.23.90.25,Note energy unit foot parent wait box likely.,High
Domain,124.171.31.200,Mission two stand score.,High
IP Address,100.42.59.23,Design food message product.,High
Domain,38.188.106.11,A both situation growth almost identify wait.,High
Domain,212.95.158.60,Push government thing there letter seven for.,High
IP Address,jones.org,Customer without once two.,Low
Domain,54.135.182.22,Want form room particular send defense training.,Low
File Hash,morris.info,Film green follow seek cell history.,Low
Domain,waller.info,Senior experience those expert possible.,Low
IP Address,rice.com,Role inside responsibility this both song around.,Medium
IP Address,153.108.46.171,Particular cut less itself see.,Low
File Hash,203.117.225.159,It when another policy none.,Low
Domain,montoya.biz,Turn left five detail pick.,Low
Domain,peck.net,No former hit trip treatment main.,High
Domain,137.158.211.232,Born myself ball give.,Low
IP Address,miles-boyer.com,Data ahead amount reason education.,Low
Domain,palmer-lambert.net,Ever while west sport painting whatever magazine condition.,Low
Domain,snyder.info,Build financial industry.,Medium
File Hash,223.65.154.75,Make success else.,Low
File Hash,cook.biz,Once threat community easy give into.,High
File Hash,king-burnett.com,Brother collection professional include impact father.,High
Domain,199.142.1.102,Third about series house.,Low
File Hash,schwartz.biz,Statement fish significant institution.,Medium
Domain,phillips-morris.com,Generation manage decide program pretty media.,High
IP Address,11.157.47.115,Make several think half.,Medium
IP Address,chapman.com,Firm head because free.,High
Domain,120.91.48.109,Radio budget event your teach form seem.,Medium
File Hash,thomas-chang.net,Glass rule head can establish term world.,Medium
File Hash,bennett.com,So hot rich girl interest operation which.,Medium
Domain,stevens.net,Worry name here situation area apply unit husband.,Low
Domain,koch-farrell.com,Exist front push shake resource.,Low
Domain,murray.com,Choice against blue lay cover attention no.,Low
File Hash,frank.com,Research after way three interview.,Low
File Hash,kelly.com,Leave also understand compare opportunity sport health.,Low
File Hash,125.243.202.30,Professor evening appear there.,High
Domain,39.176.232.50,Buy machine peace drive true test.,High
File Hash,8.222.222.128,Past poor watch improve.,Medium
File Hash,22.231.45.165,Bill keep can.,Medium
IP Address,121.251.226.113,Recently crime paper plant.,High
IP Address,collins-torres.biz,Letter somebody natural.,Medium
IP Address,139.145.217.254,Name but support investment per civil Congress everything.,Low
File Hash,turner-williams.com,Education decide picture partner read member.,Medium
File Hash,63.5.143.183,Fund reason build push after whose.,High
IP Address,townsend-lynch.biz,Newspaper anyone agency moment detail.,High
File Hash,67.159.201.219,Other magazine born direction blood difficult.,Low
IP Address,brown.net,Away art finish interesting task network picture.,High
File Hash,38.45.14.62,Teach clearly fast vote president radio.,High
Domain,brown-stein.org,Report method simply gun some character present.,Medium
File Hash,tran-jones.com,Difficult yard teach drive here century.,High
File Hash,mcintyre.com,Small range business rich campaign feel.,Low
File Hash,209.85.218.9,Democrat her this its where no network yet.,Medium
IP Address,187.21.13.40,Officer deal stuff social central voice create education.,Medium
Domain,186.68.77.137,Bit lay outside boy name war.,High
Domain,dennis.com,Prevent success avoid easy subject upon baby.,Medium
Domain,moore.info,Color for someone party player while nearly various.,Medium
File Hash,46.114.126.59,Its language avoid drive more.,Low
Domain,brown.com,Book region character again.,High
IP Address,mercado-thomas.com,Yard water none choice black participant describe return.,Medium
IP Address,gutierrez-chambers.com,As when firm hour national.,Low
IP Address,hines.com,But only American.,High
IP Address,hernandez-hardy.com,Sure book than term authority increase eat.,Low
IP Address,180.163.132.225,Doctor of time bad old.,Medium
IP Address,185.65.169.140,Fight third direction receive.,Low
Domain,figueroa.com,You indicate mission conference exist him.,Medium
File Hash,79.47.116.183,Course page describe.,Low
Domain,45.209.120.62,Really Republican speak hope religious school let everyone.,Low
Domain,68.43.219.208,Join brother throw they.,Medium
Domain,79.165.130.1,Feel maybe common old.,Low
IP Address,119.176.21.247,Tell hard claim language.,Medium
IP Address,peterson.com,Industry or author.,Medium
IP Address,williamson-carpenter.info,Discussion arm kid garden.,Low
Domain,phillips.com,Operation art law quite property resource imagine.,Low
File Hash,blair-walls.com,Program administration almost thing into organization.,Low
File Hash,carroll.info,Reveal determine life democratic.,High
File Hash,32.34.176.202,Discover public southern government able mother.,Medium
Domain,96.179.188.236,Picture for newspaper pressure house dark husband.,Low
Domain,romero.com,Big know how discussion letter.,High
IP Address,parker.net,Experience training unit again soon friend back.,Medium
File Hash,diaz.org,Father relationship affect concern to same commercial.,High
File Hash,68.156.206.255,Account smile new ask only.,Low
IP Address,sweeney.biz,Quickly today put not central.,Low
IP Address,155.80.110.65,Situation purpose wonder business.,High
File Hash,rowe.info,Free thus listen wish base.,Low
File Hash,186.240.233.89,Red per maintain land.,Low
File Hash,99.233.39.218,Home scientist month lead place commercial.,Low
File Hash,dunlap.net,Much environmental sort they.,High
Domain,brown.com,Create entire home research fish oil.,Low
IP Address,turner.com,Suggest decade price current attorney movement Republican.,High
Domain,braun-marshall.info,Adult beautiful it.,Low
IP Address,86.4.222.9,Democrat culture here us remember.,High
Domain,francis.com,Statement policy plant its under president health.,Low
Domain,191.187.66.198,Day enough mention remain of.,Low
File Hash,26.134.137.235,Service until fall responsibility figure.,Low
Domain,177.218.72.197,Take security player stuff method life pay.,High
File Hash,ellison-mendoza.info,Arrive professional question program stock those.,Medium
IP Address,long.net,Many other which even alone.,Medium
File Hash,20.58.121.59,Break until white response air different stay.,High
IP Address,mccarthy-schmidt.com,Man wind medical scientist same a.,Low
IP Address,196.151.186.229,About analysis system yet.,High
IP Address,110.236.0.136,Wonder structure wife article page want list.,Low
File Hash,151.70.103.247,Note occur would garden age produce really skin.,Medium
File Hash,34.113.56.111,Ten entire others plant.,Low
File Hash,cooper.com,Ahead whole today way arrive.,Medium
IP Address,197.197.16.116,Hand another likely result yet pull.,Medium
IP Address,evans.com,Second seem southern teach young maintain clear.,High
IP Address,thompson.com,Indeed kitchen report best write need blue.,Low
File Hash,8.111.14.66,Tree realize part level.,Low
File Hash,hill-perez.info,Structure price yourself court allow.,High
IP Address,romero.net,Only available listen church performance former.,Medium
IP Address,125.171.119.241,Fear technology particular office smile focus.,Low
Domain,39.107.203.3,What training receive example suffer western smile.,Medium
Domain,henry.com,He suddenly feeling rate.,High
Domain,36.78.237.29,Within operation role investment.,Medium
File Hash,132.153.223.204,Manager manager different garden should later ask.,Low
IP Address,haley.com,Visit could board TV evidence single.,Low
File Hash,hudson.biz,These world material newspaper research music.,High
File Hash,97.188.32.108,Serious put everybody discover now style article.,Low
Domain,collins-miller.com,Chair sing beyond claim I method common.,Low
IP Address,allen.org,Yourself impact set throughout near local.,Low
File Hash,castro.com,Democrat debate painting those other.,High
Domain,hernandez-schroeder.biz,Area become month race face.,High
File Hash,ho.com,Guess party bill PM.,High
Domain,kelly-higgins.com,Along magazine provide head agency.,Medium
File Hash,nelson-freeman.com,Draw first base leg traditional though people difficult.,Medium
File Hash,hamilton-henry.biz,Decision among discussion deal question.,High
IP Address,111.204.146.139,Pay floor before professor.,Medium
File Hash,59.46.28.190,Watch customer may age trade artist away.,High
Domain,189.18.37.142,Claim quite factor.,Low
Domain,mitchell.com,Usually quality hotel religious begin.,Medium
Domain,roberts-andersen.com,Them very increase space.,High
File Hash,106.17.182.35,Trouble drug full serious husband around.,Medium
File Hash,rice.info,Good ever hour bar today building oil.,Low
Domain,125.82.77.44,Generation idea image baby book huge.,High
IP Address,nelson-lewis.net,Billion player ever in difference support.,Medium
Domain,lee-turner.com,By message training question.,High
Domain,rocha.biz,Others list letter book down himself.,Low
IP Address,89.125.204.252,Young protect raise student reduce front have.,High
File Hash,178.79.44.252,Reach indicate might leg head nothing.,Medium
Domain,phillips.org,Property success entire hold.,Low
File Hash,80.100.217.141,Mean board past.,High
Domain,63.76.160.171,Case free we impact color game author street.,High
Domain,young.com,Itself tax if check pretty town.,Low
IP Address,carroll.com,Color court try too ever then kitchen.,Medium
File Hash,friedman.net,Window majority seem forget challenge.,High
IP Address,bell-walls.org,Specific crime upon money choice or.,High
File Hash,burgess-nelson.info,Beyond main book husband.,Low
File Hash,211.143.116.247,Public across financial strong soon size.,High
Domain,161.11.180.138,Him agent country social.,Medium
File Hash,rivera.com,Traditional more analysis station.,High
File Hash,125.240.190.38,Keep develop to lose.,High
Domain,walker.com,Dog report fast imagine.,Low
Domain,93.248.82.16,More production machine along full.,Low
IP Address,125.75.185.255,Idea notice build single able successful learn person.,High
Domain,henderson-nelson.info,Large environmental take similar.,Low
IP Address,62.105.175.65,School floor player himself.,Medium
IP Address,rocha-cooper.org,Write message current example event professor own.,Low
Domain,178.41.243.169,Different responsibility issue break great bit health realize.,Low
IP Address,12.27.176.68,Pretty especially create back will.,Medium
Domain,33.67.251.50,Family painting moment pass.,Medium
Domain,johnson.com,Page road kitchen quality seat not it.,High
Domain,miller.com,Draw still edge.,High
IP Address,jones.com,Total home owner woman.,Low
Domain,180.137.26.149,Who left mouth tough language finally such.,Medium
Domain,wright.info,Measure yeah light themselves pretty summer.,Medium
Domain,185.34.41.159,Tell huge student factor.,Low
Domain,43.15.113.43,Sell yard task serve contain tough.,High
File Hash,76.137.3.140,Recognize newspaper impact month.,Medium
Domain,collins.com,Compare international official water.,Medium
IP Address,130.59.219.25,Whose we and similar material media likely.,High
Domain,williams.com,Age close lay.,Low
IP Address,123.12.175.38,Industry camera beat need administration.,High
File Hash,86.180.48.11,Trial future task bring that build.,Low
File Hash,181.166.113.8,Large fast develop more day.,Low
IP Address,213.206.91.26,Writer throughout artist.,Medium
IP Address,81.195.78.95,Age read task school.,Medium
File Hash,74.236.13.97,Increase word century alone story.,Medium
IP Address,hudson.info,This lead budget from itself.,High
File Hash,165.19.125.125,Daughter song everything month.,High
Domain,rivas-lowe.com,Performance tax again.,High
IP Address,207.100.247.88,Here sometimes answer step.,High
IP Address,johnson.info,Away also book.,High
File Hash,112.9.45.218,Recently me sit push agree.,High
Domain,spears-leblanc.org,Move child student practice.,High
IP Address,woods-young.info,Something key law offer center or sell claim.,High
File Hash,valdez.com,Bed black draw art.,Medium
File Hash,214.57.242.104,Democratic from feeling specific continue various study.,Low
File Hash,87.232.192.20,Production be yes response make wrong.,Medium
IP Address,mann.net,Radio cell affect over.,Low
Domain,nichols.info,Analysis eat reality general.,Medium
IP Address,198.12.198.218,Character draw information main myself.,High
File Hash,salazar-prince.biz,Part nearly man everyone we soon.,Medium
Domain,130.156.31.26,Show avoid ok behind chair stand consumer bag.,Low
IP Address,22.120.173.50,Thought morning few expect.,High
IP Address,89.141.23.172,Whatever past else able unit.,Medium
File Hash,doyle-newton.info,Teach hear call be career fast bag.,High
File Hash,74.94.231.153,Series begin hotel daughter performance politics.,Low
File Hash,175.157.111.181,Through fill reduce.,Low
File Hash,walker-gonzalez.com,Early nature skin yard popular.,High
Domain,156.104.37.136,Hour personal deal voice news son me.,Medium
IP Address,185.53.207.178,Hit change model finally.,Medium
Domain,johnson.com,Question west perform consider hope available list.,High
Domain,64.50.203.98,Change group another able themselves local.,High
IP Address,151.126.116.135,Skin various kind data may attack treatment.,High
File Hash,49.233.136.252,Total exist store blue.,Medium
File Hash,110.200.122.254,Day nearly two note reason with suddenly.,Low
IP Address,173.200.185.86,Character least along grow movie personal foreign.,High
Domain,vargas.biz,Degree night probably north green similar word.,Medium
Domain,156.176.3.1,Everybody red after whatever east.,High
File Hash,garza-weaver.info,List us while there than place but.,Medium
IP Address,schmidt.com,Good third history they.,Medium
Domain,miller.biz,Air political probably weight hard.,Low
Domain,mullins.com,Policy pretty house sometimes like.,High
IP Address,kelly.info,Benefit nice middle treat score you.,Low
Domain,12.157.106.36,Stage enough drive federal size once.,Medium
IP Address,nolan.com,Until positive dark wrong but.,Medium
Domain,164.210.223.72,Sister price family animal.,Low
IP Address,contreras.biz,Door everything away campaign.,High
File Hash,jordan.net,Offer what meet.,Medium
File Hash,mendoza-clark.com,Usually effect lay these about admit air.,Medium
File Hash,73.28.122.204,Find federal although hot speech themselves.,Medium
File Hash,150.113.152.209,Garden success Democrat team deep.,Low
Domain,53.203.21.33,Site lay sister.,Low
IP Address,57.38.90.226,Rock including arrive represent firm.,Low
File Hash,bishop-knox.com,Offer along bring.,High
Domain,young.com,Several reduce traditional next field couple care item.,High
File Hash,fletcher.net,Move wind human image.,Low
File Hash,196.196.19.132,Chance public black bar.,High
Domain,180.252.137.187,Research top style about effect.,Low
IP Address,armstrong-martinez.biz,White visit up watch.,High
Domain,37.145.95.235,National reflect live sell east although impact.,Low
File Hash,106.240.26.124,Different wall more news here whether head ten.,Medium
File Hash,8.210.33.208,Special source local gun college central.,Medium
IP Address,193.162.114.32,Paper sing street lawyer color.,High
File Hash,57.35.198.101,Doctor alone race time.,Low
Domain,96.122.122.42,Nearly prepare during.,Low
Domain,119.105.138.63,Eat finish study make sport million.,Low
Domain,ross.info,Clearly chair loss wait cover appear former field.,High
IP Address,140.109.195.103,Book event list wonder.,Low
IP Address,18.78.80.63,Go senior physical key.,Low
Domain,142.18.129.68,Affect interest gas heart about radio rock.,Medium
IP Address,180.98.14.56,Follow least few sometimes order.,Low
File Hash,208.157.226.199,Deep car hour wear born half current.,High
File Hash,177.166.253.196,By doctor response land present forward analysis.,High
IP Address,188.83.144.50,Work total doctor western wrong become nothing figure.,Medium
IP Address,107.112.114.51,Responsibility analysis just yeah stand nearly into.,High
File Hash,108.21.35.223,Officer inside maybe coach especially might.,Low
IP Address,91.199.129.225,Similar close start actually foot sort.,Medium
IP Address,vaughn.com,Think test eight.,Medium
IP Address,222.30.228.239,Attack management Democrat themselves beyond ball paper.,High
IP Address,99.41.5.58,Set try whom.,High
File Hash,davis-osborne.com,Water candidate article instead.,High
Domain,mcdonald-zuniga.biz,Soldier test its until physical project.,High
Domain,20.224.67.208,Part specific bag pass choice free.,Medium
File Hash,becker.info,Wear region daughter rather not star effect.,Medium
File Hash,williams-long.com,Leader put program specific.,Low
Domain,thomas.net,Better kid left.,High
File Hash,doyle.com,Change energy bar.,Medium
IP Address,martin.biz,Activity traditional professional finally deep direction whether.,High
Domain,43.226.164.52,Why play real hit front author.,Low
File Hash,93.195.120.63,Top network car allow hour task.,Low
IP Address,43.68.234.128,Use thus board reduce unit.,Medium
File Hash,107.120.81.215,Fly stop fact answer book affect too carry.,High
File Hash,williams.com,Trip thought particularly professor mention down clear.,High
IP Address,banks.info,Join read likely story stay program.,High
File Hash,201.42.215.112,Drive join himself take ago after Mr.,High
Domain,vincent.net,Mr wrong interest color parent.,Medium
File Hash,lin-aguilar.com,Meeting animal few live such shake quite.,Medium
Domain,147.59.119.84,Hold effort base.,Low
IP Address,dougherty.com,American third recently feel.,High
File Hash,87.73.85.241,Agency art break floor too various white language.,High
IP Address,85.20.248.180,Relate organization relationship impact history least.,High
Domain,brown.info,All certainly full everybody history special.,Low
File Hash,weber.info,News gun teacher news.,Medium
Domain,morgan.net,Hundred machine far still hope protect happen.,Low
Domain,campbell-nguyen.biz,Church follow country major course company allow.,High
File Hash,106.221.108.18,Finally order career interview.,Low
IP Address,84.73.200.136,Move role among start.,Low
Domain,19.67.12.187,Professor boy if card audience health.,Medium
Domain,220.42.134.114,Also decade stock eye wish special.,High
IP Address,170.151.226.43,Sea dream reveal trouble.,Low
Domain,215.26.22.48,Be memory energy cause brother.,Medium
File Hash,johnson-smith.com,Age energy spring part.,High
File Hash,bradley-jackson.com,Medical simple professional.,High
IP Address,kim-coleman.biz,Hundred treatment each live debate.,High
File Hash,harding.biz,For work apply administration young state body study.,Low
IP Address,sanders.com,Professor however else campaign.,Low
Domain,pratt.net,Study trouble sister discuss.,Medium
File Hash,45.194.92.194,Either say it knowledge store air.,Low
Domain,194.193.186.217,Read painting best drug raise against.,High
File Hash,williams.com,Ever image above which forward American.,Low
IP Address,79.84.71.104,Gun nation already nature decision response activity.,Medium
File Hash,beard.com,General must field deep local chance interest.,Medium
IP Address,89.163.120.61,Save station especially itself actually present.,High
Domain,196.130.147.35,Its white actually office run.,Medium
IP Address,98.111.167.106,Become guy nearly somebody.,Low
Domain,1.125.157.160,Time girl these him.,Low
Domain,hamilton.info,Off you account arrive away.,Low
IP Address,182.168.95.224,Wind throw TV wind.,High
Domain,158.42.169.17,Star next approach positive investment place scientist.,Medium
IP Address,44.132.32.87,Major protect save gun.,Medium
IP Address,128.205.229.13,Summer song president baby family value catch.,Medium
Domain,williams.com,Cell care brother activity source dog.,Medium
File Hash,132.174.43.176,Allow add power form left response stuff.,High
Domain,estes.com,Save director American.,High
IP Address,12.148.90.249,Federal tax his garden thing.,Medium
File Hash,128.237.229.3,Natural billion but under huge.,Medium
Domain,wagner-smith.net,Reflect forward Democrat own operation partner game play.,High
IP Address,169.42.181.100,Sign what theory food money.,Medium
Domain,5.147.40.171,American father upon north trade approach.,Medium
IP Address,briggs-ritter.com,Nation threat loss stay trade.,High
Domain,barnett.com,Explain star future measure military prevent walk.,Medium
File Hash,117.48.138.6,Leader laugh certainly social career medical.,Medium
IP Address,mendoza-brown.info,What deal consumer evening play discuss industry hour.,Medium
File Hash,thompson.org,Technology into base meeting.,Medium
File Hash,kennedy.net,Weight use fly song debate group of.,High
File Hash,woods.net,This any reason field majority.,Low
Domain,189.39.134.228,Hand language start total concern computer example.,High
IP Address,moore-harris.biz,Attention north value soon article customer white.,Low
File Hash,78.18.48.99,Street tend special memory serious know.,High
File Hash,118.223.200.52,Standard perhaps opportunity subject suddenly others.,Medium
IP Address,102.31.195.6,Allow program probably away.,Low
File Hash,hernandez-smith.com,Street owner issue financial.,High
IP Address,163.68.232.110,His begin whose action.,Low
Domain,204.201.11.85,Individual official myself huge understand woman.,Medium
Domain,burch.org,East line challenge money born future real.,Medium
IP Address,jackson.com,Pull understand employee.,High
File Hash,190.1.218.76,Writer former great reality themselves.,High
IP Address,72.109.174.164,Open husband carry I certain.,Medium
Domain,47.147.18.1,Subject happen every short positive.,Low
File Hash,chambers.info,Party run box record gun peace.,Low
IP Address,23.195.56.161,Parent half control direction few east week car.,High
File Hash,53.13.216.58,Popular seven away offer grow data.,Low
Domain,87.39.3.40,Heavy find career all system glass point.,Low
Domain,collins.com,Assume support account buy.,High
Domain,198.164.39.89,Art bill event.,Medium
File Hash,jones.com,Involve least together two cold ten avoid.,Medium
Domain,182.75.218.86,Class most support sound Republican.,Low
Domain,adams.info,Decide fight manage available can.,Medium
File Hash,205.51.195.109,I need cut.,Medium
Domain,nichols.com,One test section must buy lose building.,Medium
File Hash,shah.net,A audience where walk.,High
Domain,colon.com,Area no anyone plant there author.,Medium
