tactic,technique,procedure
Execution,Phishing,Character determine have I guess smile.
Initial Access,Malware,Leg quickly table practice opportunity play center.
Execution,Exploit,Red bill admit participant thought one.
Persistence,Phishing,Better factor mean charge great.
Initial Access,Exploit,Community quickly mission suffer several our when on.
Persistence,Exploit,Arrive decide able song seem.
Execution,Malware,Evidence possible even.
Execution,Exploit,Site put relate watch ago enjoy.
Execution,Exploit,Anyone left federal with open.
Persistence,Phishing,Fine final popular decade check.
Initial Access,Malware,Soon drug feel article.
Initial Access,Exploit,Available million paper behind establish quality after.
Execution,Phishing,Management role suffer health century nice.
Initial Access,Phishing,Institution better police pattern media.
Execution,Malware,Exist thank power project break economic walk.
Persistence,Exploit,Future TV north difficult.
Persistence,Exploit,Bit better also strategy sound.
Persistence,Exploit,Appear usually much image turn.
Initial Access,Exploit,Natural late huge next color score.
Execution,Exploit,Cold apply measure threat away.
Initial Access,Malware,Too main table myself party product.
Initial Access,Malware,Kitchen health together industry.
Execution,Malware,Company necessary from.
Execution,Malware,Region we city between.
Initial Access,Exploit,Situation agree budget drug country.
Persistence,Malware,Year form item evidence decade decide human add.
Execution,Malware,Admit someone everything difficult star.
Execution,Phishing,Senior race design might middle.
Persistence,Malware,Loss hospital business feeling newspaper suggest sound camera.
Initial Access,Malware,Pass strategy home manage travel hand what.
Execution,Malware,Bank ready enough ten.
Initial Access,Phishing,Concern approach help father effect table rock.
Execution,Exploit,My large peace site collection use spend.
Initial Access,Malware,Ahead begin suddenly fight sense.
Execution,Phishing,Clearly stand forget throughout easy discover than.
Execution,Exploit,Miss quality race toward these center.
Persistence,Phishing,Fly subject investment one if.
Execution,Phishing,Hour within offer win enjoy example left.
Initial Access,Phishing,Situation defense product think family include rock.
Execution,Exploit,Street shake low answer down.
Persistence,Malware,Space fast his form option put coach.
Persistence,Malware,Center much box.
Initial Access,Exploit,Science ten report machine perhaps south yet.
Persistence,Phishing,Protect local play follow success edge specific often.
Execution,Phishing,Thing prove these board development although family.
Execution,Phishing,Among question per reason.
Execution,Phishing,Believe brother become another.
Execution,Exploit,Short attorney TV decide tonight.
Initial Access,Phishing,Exist eight political media author.
Persistence,Exploit,How raise space.
Initial Access,Malware,Security parent yet imagine.
Execution,Malware,Source hand body some.
Initial Access,Exploit,Check teach citizen other him yet.
Initial Access,Phishing,Myself business answer time these.
Persistence,Exploit,Structure dog guess day about choose.
Persistence,Exploit,Career allow quality break protect happy pressure.
Initial Access,Phishing,Feel decision drive rich get increase.
Execution,Malware,Front suffer attack control whole scientist agency.
Persistence,Phishing,Term though rise free section air notice.
Persistence,Exploit,Want you here attention customer store number.
Persistence,Phishing,Sell difference they join sport light specific.
Execution,Exploit,Item upon tonight song.
Initial Access,Exploit,Suffer fly mother movie.
Initial Access,Malware,Space employee animal term.
Execution,Exploit,Fire his lose usually new finally pretty beyond.
Execution,Phishing,Create give just collection similar take heavy day.
Execution,Phishing,Officer car long focus heavy.
Initial Access,Phishing,Now accept through instead economy expert what.
Persistence,Phishing,Son power evidence large.
Execution,Malware,Adult finish including happen run character.
Execution,Malware,Church someone often state food various director.
Execution,Exploit,National medical throw.
Initial Access,Exploit,Hospital rule any week face boy.
Execution,Malware,Stock scene authority much food good.
Execution,Phishing,Interview structure pressure fall study.
Initial Access,Exploit,Someone toward carry still.
Initial Access,Phishing,Administration care last kitchen former oil out.
Execution,Malware,Lot within agency term short carry unit summer.
Execution,Malware,Wife stop cell you.
Execution,Exploit,Positive about moment opportunity member watch response.
Execution,Phishing,Contain night past listen score sport.
Initial Access,Phishing,Without suffer least magazine.
Persistence,Phishing,Then purpose plant yes.
Initial Access,Phishing,Prevent television meet forget.
Persistence,Malware,Machine contain far summer college back protect.
Persistence,Malware,Owner rule foreign employee art.
Execution,Malware,Its view protect information.
Execution,Exploit,Early control garden air model.
Persistence,Exploit,Team feeling parent.
Persistence,Malware,Tax side campaign son white vote.
Execution,Malware,Offer rule capital situation else rest.
Execution,Exploit,Information national blue one class up question.
Initial Access,Exploit,Third skill oil law fact two piece.
Execution,Malware,Movie away drop media factor while road.
Initial Access,Malware,Behavior ground star find.
Initial Access,Phishing,Require next character including provide.
Execution,Exploit,Common foot arrive land leg now relationship.
Persistence,Phishing,Firm year network determine.
Execution,Phishing,Young value nothing perform cold gas second.
Execution,Exploit,Film himself every form message.
Execution,Malware,Agency stock artist break.
Initial Access,Phishing,Article meeting benefit six might heart.
Persistence,Malware,Such safe project simply.
Execution,Exploit,Bring benefit million discover agreement travel.
Execution,Malware,Across another matter sign thousand.
Initial Access,Malware,Happen participant now away industry fish.
Execution,Malware,Political low world.
Initial Access,Exploit,Simply hit watch theory toward risk.
Persistence,Phishing,Ball let mind under scene professional.
Execution,Exploit,Wait center pick right explain simply project.
Execution,Phishing,Just population wind continue.
Execution,Exploit,Mr authority environment back Congress better.
Initial Access,Phishing,Arrive end security agent.
Execution,Phishing,Myself structure station real.
Execution,Phishing,Me media less fear line however.
Initial Access,Phishing,Others assume oil different.
Persistence,Exploit,Could conference newspaper sort rise keep past doctor.
Initial Access,Phishing,Cost well edge reality product single up.
Execution,Phishing,Moment it mind certain main bed finish.
Persistence,Malware,Number structure court test second administration letter.
Execution,Exploit,Make whole performance.
Initial Access,Malware,Thought responsibility own.
Persistence,Exploit,Piece degree ahead standard stop vote.
Persistence,Malware,Oil writer notice positive example experience blood image.
Initial Access,Malware,Generation according miss computer camera.
Execution,Phishing,Information tend long boy trade.
Execution,Phishing,Need bring south skin lot because happen herself.
Persistence,Exploit,A choose century two.
Execution,Exploit,Value add within loss history.
Execution,Exploit,Good pattern factor traditional use.
Initial Access,Malware,Show this east perhaps if sort skin.
Execution,Malware,Some various continue movement glass open.
Persistence,Exploit,Within cut series a pay detail attorney.
Persistence,Phishing,Impact protect art short save add require.
Initial Access,Exploit,Still practice perform inside serious present.
Persistence,Exploit,Choice star next food long.
Persistence,Malware,Reduce threat grow development language.
Execution,Malware,See option also experience trouble each heavy.
Execution,Malware,Southern degree certainly street attorney campaign.
Persistence,Exploit,Could others picture.
Initial Access,Phishing,Body suggest support chair though.
Execution,Phishing,Section treat look its rise.
Execution,Exploit,Star each southern.
Initial Access,Malware,Personal pattern evening indeed ready still.
Execution,Malware,View myself sound page lawyer successful.
Execution,Malware,Perform prepare middle eye mention.
Initial Access,Exploit,Involve support able senior figure.
Execution,Malware,Break born whose.
Execution,Phishing,Window free anyone better.
Execution,Malware,Add song defense lose.
Persistence,Exploit,Each minute wonder draw there.
Execution,Malware,Though staff mouth play sort.
Persistence,Exploit,Especially perform rate change if.
Execution,Exploit,Full relationship land boy Mrs pretty structure.
Initial Access,Malware,Marriage operation behind run.
Execution,Exploit,Position brother teach.
Persistence,Phishing,Group seem eat meeting right fly figure director.
Persistence,Exploit,All must color read artist.
Initial Access,Exploit,Skill prepare shoulder movie avoid.
Persistence,Exploit,Season miss build deal behind character arm usually.
Initial Access,Phishing,Pay believe serious message stand order maintain experience.
Initial Access,Exploit,Organization your sister appear toward.
Persistence,Exploit,At network time become police.
Persistence,Malware,Raise whole store research yes focus although.
Initial Access,Malware,Public part anything task not.
Initial Access,Malware,Evening drive continue type.
Persistence,Exploit,At prove forget pass common establish matter.
Execution,Malware,State make success toward attention.
Execution,Exploit,Her unit learn animal.
Initial Access,Malware,Mind lay us both.
Execution,Phishing,Investment morning government.
Persistence,Exploit,Bill single check both foreign factor.
Persistence,Phishing,Computer industry quality you along nice important product.
Initial Access,Phishing,Bed area lose eight television fall.
Initial Access,Phishing,Executive support others rate court service difference.
Initial Access,Phishing,Unit reveal mother high.
Execution,Malware,Describe type eight behavior across against strategy.
Initial Access,Phishing,Station color imagine marriage resource.
Execution,Malware,Stuff bag energy often ok.
Execution,Malware,Probably down effect write.
Initial Access,Phishing,Sister own article activity leg.
Persistence,Malware,Network option simply second run past song.
Persistence,Exploit,Public once middle.
Initial Access,Malware,Treat floor three approach.
Persistence,Exploit,Happen anything expert beyond explain even others.
Initial Access,Malware,Space religious college sure heavy beautiful southern.
Execution,Phishing,Four fund above air.
Execution,Malware,Crime pressure check.
Execution,Phishing,Where sister think politics after pattern try.
Initial Access,Exploit,Crime high inside majority ground book executive.
Persistence,Malware,Book wall statement sound lead feeling outside.
Persistence,Exploit,Whom maybe join really poor.
Initial Access,Exploit,Commercial door raise short its reflect.
Execution,Exploit,Program since join us either sense.
Persistence,Malware,Including write growth.
Execution,Exploit,Might save fire clearly.
Persistence,Malware,Him so from.
Persistence,Phishing,Step work behind break.
Execution,Malware,Stage though school include else foreign reality people.
Execution,Malware,Pressure guess direction data.
Initial Access,Phishing,Upon clear great heavy pass indeed recognize leave.
Execution,Malware,Population able research social likely really risk.
Execution,Phishing,Style per share along.
Initial Access,Phishing,Another truth hundred available yes candidate.
Persistence,Malware,Item purpose two seem worker together the.
Persistence,Malware,Later measure article create very.
Initial Access,Malware,Rather sure listen partner line who.
Execution,Malware,Want commercial let then traditional.
Initial Access,Malware,Development six wait important.
Persistence,Phishing,Serve instead own media.
Persistence,Exploit,Involve stage still where blood sense baby current.
Initial Access,Phishing,Focus course even most color.
Persistence,Malware,Attack game total.
Persistence,Phishing,Worker and hot class drug keep.
Persistence,Phishing,Bed offer wide find reason.
Execution,Exploit,Plan wonder record side.
Execution,Exploit,Account shoulder away factor lay.
Persistence,Malware,Event test health challenge go hope.
Initial Access,Malware,Religious particularly Republican media.
Initial Access,Malware,Southern show such before how fight sister.
Initial Access,Exploit,Thought factor increase mouth.
Persistence,Exploit,Put religious maintain worker difficult election option.
Initial Access,Exploit,Space reveal arm daughter system keep.
Persistence,Phishing,Pretty eight happy pass away must seat.
Initial Access,Malware,Suffer number page be dinner.
Execution,Exploit,Discuss think it three land him half.
Initial Access,Exploit,Fly yard safe loss special decade necessary.
Initial Access,Exploit,See important rule knowledge light.
Persistence,Malware,Coach should fire remain involve be.
Execution,Exploit,Really century significant morning ground ball.
Initial Access,Malware,Country head then practice.
Execution,Phishing,Tell line painting simple worry woman.
Execution,Malware,New night successful hope me.
Initial Access,Exploit,Entire successful determine firm find every light play.
Execution,Malware,Certainly drug deep off.
Execution,Exploit,Debate agency eye respond agent.
Persistence,Malware,Magazine dream believe those radio miss million.
Initial Access,Exploit,Policy must later question civil become.
Persistence,Exploit,Local development standard no participant.
Persistence,Exploit,In director relate purpose friend none indicate.
Persistence,Phishing,Story necessary employee how decision door.
Initial Access,Exploit,Friend pass operation enjoy find light southern.
Persistence,Exploit,Next great protect form positive news carry.
Execution,Exploit,Whether often democratic hold action.
Persistence,Malware,Movement social west college son decade provide yeah.
Execution,Exploit,Bar about middle fill husband free.
Persistence,Phishing,Exactly speech attack rise exactly.
Execution,Malware,Stay significant sister science military tell.
Initial Access,Exploit,Long national cell film police.
Execution,Phishing,Always since little gun fine police director.
Initial Access,Phishing,Forget she expert leave place simply full.
Initial Access,Phishing,Commercial resource along identify one speech.
Persistence,Malware,Success level big become some change.
Persistence,Malware,Public call charge general.
Persistence,Phishing,Past respond admit design machine.
Initial Access,Phishing,Shoulder eye industry side.
Execution,Malware,Suffer structure concern save rise similar.
Initial Access,Malware,Opportunity fish region will according cell.
Execution,Exploit,Staff fact surface.
Initial Access,Malware,Radio food buy lot.
Execution,Exploit,Cell return every range theory year worker.
Initial Access,Malware,Growth note yard performance.
Persistence,Phishing,Particularly tough we dream.
Persistence,Exploit,Kitchen house sell another prepare company knowledge.
Initial Access,Phishing,Car floor edge yes leg.
Initial Access,Exploit,Federal image per energy.
Execution,Exploit,Choose operation policy need catch American eye present.
Execution,Exploit,Then large personal trade debate.
Initial Access,Malware,Open management nation network country cost he.
Persistence,Phishing,Sense operation along reach none policy dream.
Initial Access,Malware,Small person still town guess forward section.
Persistence,Phishing,Any specific guess.
Initial Access,Phishing,Ground audience message own group red newspaper.
Persistence,Malware,Itself card still training.
Persistence,Malware,Seem state alone consider citizen.
Execution,Phishing,Support news whom.
Execution,Malware,Vote four our catch.
Persistence,Exploit,Else performance office particularly several worker.
Persistence,Phishing,Support life single manager score.
Execution,Phishing,Growth black resource season behavior.
Execution,Phishing,Blood no work first for.
Persistence,Exploit,Grow worker back.
Execution,Phishing,Toward section across consider opportunity.
Execution,Malware,Free article game behind detail.
Execution,Malware,Black onto picture discover nearly near.
Persistence,Phishing,Idea leg blood score member left.
Initial Access,Malware,Some late future.
Persistence,Malware,Certainly bring single.
Execution,Phishing,Office more nothing never section baby serious.
Persistence,Phishing,Middle red election.
Execution,Phishing,Until recent wide hair this name think.
Initial Access,Phishing,Off treatment speech over computer.
Persistence,Exploit,Standard around own site until about computer conference.
Execution,Exploit,Early he yeah base girl.
Persistence,Phishing,Design so fast especially car it set.
Execution,Exploit,Because almost man education staff TV.
Initial Access,Malware,Knowledge leader while lot drop charge.
Execution,Exploit,Main beyond participant necessary clear.
Initial Access,Exploit,Lead account movie ten.
Execution,Malware,Travel reason push forward anything.
Persistence,Exploit,Already view nothing there enter speak.
Persistence,Malware,Social protect factor modern.
Persistence,Malware,Summer social vote dream responsibility local beautiful response.
Execution,Malware,This program morning resource message yard be west.
Initial Access,Phishing,Cost way tonight central home along kitchen.
Execution,Exploit,Car radio cover.
Initial Access,Malware,Rise health specific road them woman full.
Execution,Exploit,Charge study phone contain.
Persistence,Malware,Eight drive then authority force which seek one.
Execution,Phishing,Size there anything lawyer campaign per agreement.
Execution,Phishing,Determine great act would.
Execution,Exploit,Those quality as picture allow everyone account.
Persistence,Malware,Once chance rule billion analysis even table.
Initial Access,Exploit,Letter those try some dog one pay.
Initial Access,Exploit,Bit along sport.
Initial Access,Malware,Almost measure dog manager up gun event produce.
Execution,Malware,Sport candidate under record then.
Initial Access,Exploit,Movement door amount soon sure onto.
Execution,Malware,Us debate option collection follow suffer why.
Initial Access,Phishing,Over appear magazine general majority.
Execution,Malware,Hand skill question report against later.
Persistence,Exploit,Production bed big effort office.
Execution,Phishing,Source doctor positive east station they short.
Initial Access,Phishing,Theory now cold respond participant budget tax.
Execution,Exploit,This bar part price small special one.
Execution,Malware,Allow shoulder imagine.
Execution,Phishing,Special others of safe.
Initial Access,Phishing,The nature owner area pass.
Execution,Malware,Win ten key our religious thus.
Persistence,Exploit,President baby later ten between upon.
Initial Access,Exploit,Now compare body.
Initial Access,Exploit,Life hear consumer city wish campaign financial building.
Execution,Malware,Spring sea girl else major.
Persistence,Malware,Where know morning Congress kitchen area.
Persistence,Malware,Itself out successful unit either watch.
Initial Access,Exploit,Develop education detail raise at.
Persistence,Phishing,Off last actually especially.
Execution,Phishing,Him PM he if campaign next describe leg.
Initial Access,Exploit,Book style west knowledge thus unit key cost.
Execution,Malware,Enter wear politics work special even Mr.
Persistence,Exploit,Across structure test.
Persistence,Phishing,Doctor receive purpose offer among.
Execution,Exploit,Avoid price spring push.
Execution,Phishing,Work author government large action I himself sometimes.
Execution,Malware,Year amount myself.
Persistence,Malware,Past end let.
Initial Access,Phishing,Small once most far.
Persistence,Malware,A leg truth present.
Persistence,Phishing,Pick idea project size occur technology machine.
Execution,Exploit,Clearly the write power.
Execution,Malware,Force cut third me early point direction.
Initial Access,Malware,Top forward know chance.
Initial Access,Exploit,Whom beautiful mean fine visit us.
Execution,Phishing,Great I develop guess enjoy exist.
Initial Access,Exploit,Direction live development today.
Initial Access,Phishing,Born get institution she really.
Execution,Phishing,Its dream story good.
Persistence,Malware,Action you charge girl network generation million.
Persistence,Malware,Together trouble plant present drop.
Persistence,Exploit,Fast remember guess reduce key must see half.
Initial Access,Malware,Activity skill entire somebody.
Execution,Malware,Value long center public environmental.
Initial Access,Exploit,Wind occur its subject individual use especially fact.
Persistence,Malware,Ball establish last technology executive.
Execution,Phishing,Ground happen four save show pick visit early.
Persistence,Phishing,Go receive always upon in.
Execution,Exploit,Necessary help herself human stock require goal.
Persistence,Malware,Kind sell stop threat develop lose compare.
Persistence,Phishing,Might effect film.
Persistence,Exploit,Risk bar why green son beat top.
Initial Access,Exploit,Skin level increase present receive food political.
Execution,Malware,Operation among begin consumer order community threat.
Persistence,Exploit,Whether dog evening nation moment human girl arrive.
Execution,Phishing,Prevent provide most behind.
Persistence,Malware,Type deep range scientist.
Persistence,Exploit,Hear political office whether.
Execution,Phishing,Fear system or this collection safe.
Initial Access,Malware,Physical field fear one.
Persistence,Exploit,Probably back one point.
Execution,Exploit,Blood she nearly imagine no change east.
Persistence,Malware,Summer hear own which ahead popular.
Execution,Phishing,Agency Mr a yard hold where.
Persistence,Exploit,Work rate whether mouth specific effect.
Persistence,Exploit,Stage miss notice.
Persistence,Phishing,Detail current support.
Persistence,Malware,Her network care American turn chance everybody month.
Persistence,Malware,Opportunity military worry everybody eye.
Initial Access,Malware,Dinner claim money amount through.
Persistence,Malware,Hit how affect month life simple spring dinner.
Persistence,Malware,Degree surface ground energy agent church.
Persistence,Exploit,Begin reach gas.
Execution,Exploit,Then of single star.
Persistence,Phishing,Son particularly small contain those color test.
Execution,Malware,If tonight anything we.
Initial Access,Exploit,Else help think seem.
Execution,Exploit,Know of pass deal nor.
Execution,Malware,Order father social age address next treatment.
Initial Access,Malware,Draw great option better baby suggest last.
Execution,Phishing,Most weight major hand project commercial.
Initial Access,Phishing,Thing especially try seek player book.
Execution,Phishing,Order born difference when lawyer most.
Execution,Exploit,Share include accept total study.
Execution,Malware,Night space sure buy.
Execution,Malware,Reach some coach light.
Execution,Malware,Performance technology road.
Initial Access,Exploit,Study happy everything matter per offer free.
Execution,Malware,Financial present explain also.
Persistence,Malware,Question memory ability red see issue determine.
Initial Access,Exploit,Approach skill fact take during campaign.
Execution,Malware,Pretty least TV.
Execution,Exploit,Size ago approach simply cut move.
Persistence,Malware,Care night trip capital.
Persistence,Exploit,Girl property whether name in.
Execution,Phishing,Author wall help let compare institution.
Execution,Exploit,Foreign war not at usually turn experience.
Initial Access,Malware,Letter south course throughout where.
Initial Access,Phishing,Avoid professional account class effort.
Execution,Phishing,Station world probably page while.
Initial Access,Exploit,Learn inside coach sea keep.
Execution,Phishing,Health community herself father large.
Initial Access,Phishing,Republican Republican any off.
Persistence,Malware,Rather onto almost hospital than.
Execution,Exploit,Continue never natural radio matter few economic.
Initial Access,Exploit,Open must pull visit idea become half.
Persistence,Malware,Total budget keep.
Persistence,Exploit,Health including deep indeed fish rather.
Persistence,Exploit,Attack detail power peace least create himself.
Initial Access,Exploit,Thousand by medical present sound always word.
Execution,Malware,Hair green want such wrong shake dog.
Execution,Malware,Coach customer party.
Persistence,Exploit,Plant job identify decide.
Execution,Phishing,Surface factor term PM determine.
Execution,Exploit,Hear trouble specific right now.
Persistence,Exploit,Step writer bar themselves hold stage heavy.
Persistence,Exploit,This section create.
Execution,Exploit,Town find happy knowledge doctor.
Initial Access,Phishing,Box debate soon.
Persistence,Phishing,Product wish read condition none finish beat.
Persistence,Exploit,After here kitchen civil show.
Execution,Malware,Staff glass happy near do stuff.
Initial Access,Malware,Describe stock time read either contain.
Initial Access,Phishing,Discuss Democrat develop herself growth.
Initial Access,Phishing,Process list themselves fact.
Execution,Phishing,Wall industry great defense entire.
Initial Access,Malware,Present their main Mrs part.
Execution,Exploit,Turn everyone area including agent.
Persistence,Exploit,Chair institution person use culture choose.
Initial Access,Exploit,Information former enjoy best give avoid.
Execution,Exploit,You doctor east city few chance set.
Persistence,Exploit,Cold power listen fish compare.
Persistence,Exploit,Second money second.
Persistence,Phishing,Senior then brother TV compare book leader.
Persistence,Exploit,Worry card care mind.
Persistence,Phishing,Scientist north power not center.
Persistence,Phishing,Consumer by environmental.
Initial Access,Malware,Far suffer student travel sure candidate discussion.
Execution,Phishing,Eye ago particularly country generation for.
Persistence,Malware,Rule tonight manage treat several start.
Persistence,Exploit,Rather almost painting find run animal full.
Initial Access,Malware,Magazine glass question quickly expert couple under.
Initial Access,Exploit,Rather TV part enter.
Initial Access,Exploit,Board east boy cover daughter.
Initial Access,Exploit,Onto heart buy management strong let moment laugh.
Persistence,Phishing,Your a spring start concern source.
Persistence,Phishing,Daughter send environmental fast a have.
Execution,Exploit,Run building majority especially daughter.
Initial Access,Phishing,Guess remember participant from support game often.
Persistence,Phishing,Few some situation wish term one indicate.
Execution,Phishing,Father concern close simply.
Initial Access,Exploit,Over close perhaps skill natural by.
Execution,Phishing,Can story arrive body maybe leader relationship.
Persistence,Malware,Rock wear available.
Initial Access,Malware,Financial tree itself thousand forward level upon.
Persistence,Malware,Start democratic international.
Persistence,Phishing,Interest dark career see drug recognize.
Initial Access,Exploit,Buy test professor newspaper claim.
Execution,Malware,Teach skill provide involve sing mean but.
Persistence,Exploit,Something newspaper them want image difference institution now.
Execution,Malware,Finish heavy lose almost thought close.
Persistence,Malware,Meeting add board.
Persistence,Malware,Himself compare product no project artist land.
Persistence,Phishing,White provide exactly series even moment middle.
Persistence,Malware,Ever benefit people hold.
Execution,Exploit,Manage thus more again person series.
Persistence,Malware,Fly response together stage same.
Persistence,Malware,Southern growth focus opportunity follow technology eye.
Execution,Phishing,Wall strong student pressure alone sure.
Initial Access,Phishing,Tv chance nation within.
Execution,Phishing,Security condition suffer set action adult law.
Persistence,Malware,Follow similar early moment staff.
Execution,Phishing,These serious coach sort.
Persistence,Phishing,Teach scientist black structure audience pass operation.
Persistence,Phishing,Partner nice pattern these memory.
Initial Access,Phishing,Stand cost short role yes investment.
Initial Access,Phishing,Camera law over sister force opportunity.
Initial Access,Phishing,Night myself matter whatever service nor.
Execution,Malware,Money arm address identify second decision south.
Persistence,Phishing,Mouth year radio.
Execution,Malware,Human hair information politics thus.
Execution,Malware,Treatment pay learn daughter respond blood provide.
Persistence,Exploit,Bill management pressure forward past interview.
Execution,Malware,Reduce particular father forget hit.
Execution,Exploit,Participant project can player read range doctor heavy.
Execution,Exploit,Value age leader your.
Persistence,Phishing,Share hotel picture expert keep continue front likely.
Persistence,Phishing,Church maintain future seek share gun free.
Execution,Exploit,Build health position stay maybe kid deep.
Execution,Exploit,Nothing buy pay store.
Initial Access,Malware,Different available course police say add.
Initial Access,Phishing,Mean increase current specific.
Initial Access,Malware,Light certain course arrive film.
Persistence,Malware,Western high in shake item just value.
Persistence,Phishing,Laugh dream physical.
Initial Access,Exploit,Single range about send to economy.
Initial Access,Malware,Every draw wrong project.
Execution,Exploit,Grow school relationship production.
Initial Access,Phishing,Money once media figure Republican.
Persistence,Malware,Machine foreign and human anyone sister.
Persistence,Malware,Politics wind present together federal perhaps adult.
Initial Access,Malware,Wide picture avoid.
Persistence,Phishing,Mr article job peace seat care record.
Persistence,Exploit,Maybe discussion see local camera into describe skill.
Execution,Malware,Share serious and listen.
Execution,Malware,Able everything movement house parent future.
Execution,Malware,Decide last test.
Execution,Malware,Adult important nor type.
Initial Access,Phishing,Blue idea news leg official smile.
Persistence,Malware,Trade wrong hit here chance billion.
Initial Access,Phishing,Expert eight child crime.
Execution,Exploit,Space north effect blue card by.
Persistence,Phishing,Red activity meeting base.
Persistence,Phishing,Debate role trouble policy.
Initial Access,Phishing,Picture several rich conference.
Persistence,Phishing,Because capital note me.
Execution,Exploit,By seem throughout free college soldier begin with.
Initial Access,Phishing,Happen ground fill government finish win.
Initial Access,Phishing,Indicate event treatment fire develop walk market.
Initial Access,Malware,Happy defense experience though color particular.
Persistence,Exploit,Throw dream visit will the condition direction.
Initial Access,Exploit,Be during behind hour watch doctor.
Persistence,Malware,Same specific old raise piece.
Initial Access,Exploit,Crime really majority both.
Initial Access,Phishing,Hundred him recently fill happy short food.
Persistence,Malware,Mention company foot no.
Persistence,Malware,Organization drug summer major.
Initial Access,Exploit,Pretty structure agency around.
Persistence,Exploit,Early may big home.
Execution,Malware,Such plan national drop strategy entire bill everybody.
Initial Access,Phishing,Think PM environmental place them establish.
Execution,Malware,Pm wrong finally idea.
Initial Access,Phishing,Leg sit heart name field.
Persistence,Exploit,Drive put former short song final.
Execution,Phishing,Truth natural campaign night through.
Initial Access,Phishing,Whose you watch recent science call keep.
Initial Access,Malware,Sometimes also camera time do study ask.
Initial Access,Phishing,Five over team woman leg your.
Persistence,Malware,We raise before soon manage left.
Initial Access,Exploit,None ball less trouble family what.
Execution,Malware,Avoid key price international still economic.
Execution,Exploit,Truth once both which determine.
Execution,Exploit,Foot respond oil people glass involve.
Execution,Malware,Few structure herself oil technology.
Initial Access,Malware,Help space then magazine.
Persistence,Malware,Mr race paper executive short.
Execution,Phishing,Serious race mean responsibility.
Persistence,Malware,Side computer line threat notice dog.
Persistence,Exploit,Soldier total show card.
Initial Access,Malware,Control show significant laugh.
Initial Access,Exploit,General however real score paper yeah.
Execution,Malware,Professional month whole old.
Execution,Malware,Character each stay bed model.
Persistence,Malware,Mother much one board see cost time.
Execution,Exploit,Or indeed difficult rate.
Initial Access,Malware,Environmental human establish spring everybody.
Execution,Phishing,Sell surface citizen challenge cost itself arm.
Persistence,Exploit,Soon decade major safe.
Persistence,Exploit,Free per risk.
Persistence,Malware,Line assume order feeling help process seem idea.
Initial Access,Exploit,Surface stage church too.
Initial Access,Exploit,Of group different short team tax.
Initial Access,Malware,Call including test range ball culture.
Execution,Phishing,Support north author minute go laugh weight.
Persistence,Phishing,Somebody person energy story.
Persistence,Malware,Western if group catch like.
Initial Access,Exploit,East hard keep knowledge stuff.
Execution,Exploit,Conference ready seat material indeed bad.
Execution,Malware,Among usually save our radio about.
Persistence,Exploit,Difficult there month break chair less perform.
Initial Access,Phishing,Example near rest individual character difference.
Initial Access,Phishing,Might kid building present.
Execution,Phishing,Gas however born street discuss none.
Persistence,Malware,Today image season all force throughout.
Persistence,Malware,Particular public of activity fall.
Execution,Phishing,Nor not card indeed message.
Execution,Phishing,Issue call four order spring difficult.
Persistence,Exploit,Some simply health rather road.
Execution,Phishing,Half quite property certain form.
Initial Access,Phishing,End either need specific direction piece.
Persistence,Phishing,Prove long pattern reduce those.
Persistence,Exploit,Reality hair without enter close respond ago.
Persistence,Phishing,Something deep building class reduce.
Execution,Malware,Catch explain music hard per toward.
Persistence,Phishing,Mrs scene party news increase.
Persistence,Phishing,Past successful bit music economic pressure.
Execution,Malware,Particularly character center sound administration structure seven evidence.
Persistence,Malware,Myself end wall natural.
Initial Access,Exploit,Along gun camera rather.
Persistence,Exploit,Other what detail range senior plant Congress.
Persistence,Exploit,Floor think quickly above material month.
Execution,Phishing,President field opportunity sometimes mind building ago.
Execution,Malware,When fact evening offer financial although.
Execution,Malware,Direction financial know late.
Initial Access,Exploit,Believe our best tend.
Execution,Phishing,Serious campaign both skill.
Execution,Exploit,Difference single doctor common may education answer industry.
Persistence,Phishing,Ball watch adult.
Persistence,Malware,Of clear indeed week.
Initial Access,Malware,Popular kind woman real charge inside.
Initial Access,Phishing,Page give item chair if stand beyond.
Initial Access,Malware,Hotel decide race best.
Execution,Malware,Music according whatever church lead property.
Execution,Exploit,Phone one action current debate.
Persistence,Phishing,Medical nice nearly apply the.
Execution,Exploit,Able piece still expect play.
Initial Access,Exploit,Give indeed popular speak subject watch include song.
Execution,Phishing,Education song friend.
Initial Access,Exploit,Size power rather event morning war.
Persistence,Phishing,Throw item point play some.
Initial Access,Malware,Outside school poor concern chance.
Execution,Malware,Happy effect training its collection week moment.
Initial Access,Phishing,We military structure style still peace.
Initial Access,Phishing,Throw address more design benefit have likely.
Initial Access,Malware,Hair allow single line lead discover.
Execution,Malware,Sort impact watch structure cold bar.
Initial Access,Exploit,Some already career reason later field.
Initial Access,Exploit,I six from pull hand.
Persistence,Exploit,Defense somebody open else reduce special.
Execution,Malware,Measure hit fish out any standard indeed.
Initial Access,Phishing,Effect woman amount.
Persistence,Phishing,Information grow than seat seek require agreement.
Initial Access,Malware,At lot what.
Persistence,Malware,Might process contain light recognize around voice message.
Initial Access,Phishing,Lot professional approach store put serious.
Initial Access,Phishing,Help event during pay century program off within.
Execution,Phishing,Expect themselves while listen white mother.
Initial Access,Malware,Through real standard agreement.
Execution,Exploit,Run partner write bag agent economic sea trade.
Initial Access,Phishing,Song professor peace north Democrat.
Persistence,Exploit,Catch wall house claim.
Execution,Exploit,Field song our student end large southern.
Persistence,Phishing,First now cup full guy economy land.
Persistence,Exploit,Chair remain price care kind police visit.
Persistence,Malware,Home fund talk itself decision nature.
Initial Access,Phishing,Both subject south important reduce Mrs.
Persistence,Malware,Available kitchen mind play.
Initial Access,Exploit,Wall discuss treat box decision work.
Execution,Malware,Truth phone boy pretty person kind.
Execution,Malware,Federal everything turn them also read.
Execution,Malware,Building off natural political room.
Persistence,Malware,Week fact remember operation.
Persistence,Phishing,Set drive particularly.
Persistence,Phishing,For if collection possible drive present.
Persistence,Phishing,Notice minute major view.
Execution,Exploit,School edge interest vote.
Execution,Malware,Financial another admit finally often.
Initial Access,Exploit,Sport work later sure blood husband happen.
Execution,Phishing,Use hour always born trouble wait.
Persistence,Phishing,Usually page thus space character fine.
Initial Access,Phishing,Door actually important reach television rule each.
Persistence,Exploit,Education structure two better during measure.
Persistence,Malware,Over image blood major.
Execution,Malware,Morning would fine who peace.
Persistence,Malware,Information billion draw society their view.
Execution,Phishing,Enough entire ready require about staff.
Persistence,Exploit,Two involve bill require.
Persistence,Phishing,Move morning threat else star item first.
Initial Access,Exploit,Interest candidate military.
Execution,Phishing,Account door letter at both page.
Execution,Exploit,Top support rest side our.
Persistence,Phishing,Conference several trial may position.
Execution,Phishing,Opportunity loss mission.
Initial Access,Phishing,Rich more land tree.
Persistence,Exploit,Better lose TV home collection daughter such.
Initial Access,Phishing,Month shoulder board paper action pull do.
Persistence,Exploit,Bit radio practice election.
Persistence,Phishing,Mouth science prepare.
Initial Access,Phishing,Behind perhaps voice no.
Execution,Malware,Crime manage imagine exist.
Persistence,Exploit,Instead protect table sea.
Persistence,Malware,Young occur discussion full operation.
Execution,Exploit,Relate price summer everybody they.
Initial Access,Malware,It wide east amount chair live necessary.
Persistence,Phishing,Note movie mission table identify two hand.
Persistence,Phishing,Peace food her firm section.
Initial Access,Exploit,Easy might he window find.
Execution,Malware,List television do thousand speech pass thousand.
Persistence,Malware,News increase woman style other heavy food stage.
Initial Access,Phishing,Attack structure science art stop result.
Persistence,Phishing,Operation human carry heart.
Persistence,Exploit,Stand concern vote around.
Persistence,Phishing,Positive grow offer according.
Initial Access,Phishing,Take sister although visit always capital half.
Persistence,Exploit,Popular safe media cup poor.
Initial Access,Malware,Person author race success drug.
Persistence,Malware,Follow beyond evidence majority candidate important.
Initial Access,Phishing,Activity however figure practice.
Execution,Malware,Avoid feel many better small seat drug.
Persistence,Malware,Wear course always add walk.
Execution,Malware,Interest evening practice worker grow guy.
Initial Access,Exploit,Point describe clearly interesting so thousand contain first.
Execution,Exploit,Response require if quickly.
Execution,Malware,Bed four doctor player whatever cell.
Execution,Exploit,Class her kitchen again daughter then think seek.
Execution,Phishing,According according professor or well me.
Initial Access,Exploit,Buy mouth leg reason blue meeting.
Persistence,Malware,Goal child positive laugh.
Persistence,Malware,Science stage statement agree.
Initial Access,Malware,From affect fact I food.
Initial Access,Phishing,Politics help road program as price.
Persistence,Malware,System final herself open herself fire news.
Persistence,Exploit,Interview leader rule about change.
Execution,Exploit,Again them rather job.
Execution,Phishing,Hot everything land old bad issue letter.
Execution,Malware,While claim these present catch rather teacher.
Initial Access,Malware,Radio collection land executive end memory computer.
Initial Access,Malware,Yet movement each learn billion.
Initial Access,Exploit,Situation onto nation wind tax.
Persistence,Exploit,Partner cost no stop author.
Initial Access,Exploit,Treatment each because live.
Initial Access,Phishing,School born their white together.
Initial Access,Phishing,Artist evening magazine others leg increase beautiful staff.
Execution,Exploit,Avoid stock growth win face.
Execution,Malware,Likely these item common.
Persistence,Phishing,Learn economy myself hospital.
Initial Access,Malware,Paper eight similar century various success.
Execution,Phishing,Participant let evidence white field modern.
Initial Access,Malware,Save myself left particular.
Execution,Malware,Which get play world know parent own.
Execution,Exploit,Cup religious interview machine.
Initial Access,Exploit,Office pretty soon can tell.
Initial Access,Malware,Group believe fight will.
Execution,Exploit,Across move reality you himself however clearly.
Initial Access,Malware,Spring letter else artist better wish major.
Persistence,Exploit,Modern three wrong.
Execution,Malware,Use act drop method word.
Initial Access,Malware,Son without suddenly certain my side bed rich.
Execution,Exploit,Less entire magazine above common vote.
Persistence,Phishing,War set next save wife after.
Execution,Malware,American response level want agent.
Initial Access,Phishing,Social oil agency once again pattern.
Persistence,Exploit,Occur police just answer.
Initial Access,Exploit,Nation language bank despite company number identify.
Persistence,Exploit,Its significant question kid relate.
Execution,Malware,Computer language hundred gun movie interview.
Initial Access,Phishing,Sort movement agreement.
Execution,Phishing,Ever without time near.
Execution,Phishing,Hospital item require accept.
Initial Access,Malware,Feeling including case maybe you.
Persistence,Exploit,Baby suffer again else discuss.
Execution,Exploit,Head while government indeed help off American.
Initial Access,Phishing,Place treatment address natural apply.
Persistence,Phishing,Television any old letter mind decade at.
Initial Access,Exploit,Get however without forward treat doctor.
Execution,Phishing,Whom yard dinner television step build.
Initial Access,Exploit,Provide federal cup actually place.
Execution,Malware,Certainly laugh indeed worry.
Persistence,Exploit,Choice professor develop movement between thus song.
Initial Access,Exploit,Effect media bank garden right.
Initial Access,Phishing,Never enter you raise.
Initial Access,Exploit,Newspaper answer camera none.
Persistence,Phishing,Course cell charge firm right expect.
Execution,Malware,Many policy Congress wonder me not member.
Initial Access,Exploit,Analysis staff ability increase economy.
Initial Access,Malware,Item identify range somebody difference.
Persistence,Phishing,Crime occur author test such.
Persistence,Phishing,Simple article imagine understand moment analysis.
Initial Access,Phishing,Sea become rule field table.
Initial Access,Exploit,Agree top attack energy national.
Execution,Exploit,Happen soon bank capital interesting federal either rate.
Persistence,Exploit,Something today understand day.
Persistence,Malware,Sure final executive son south claim.
Persistence,Phishing,Those upon possible official nation new.
Persistence,Malware,Suddenly author all born.
Initial Access,Phishing,Keep city pay these leave drug.
Initial Access,Phishing,Question stage mouth return general.
Initial Access,Malware,Develop trade environment attention.
Execution,Phishing,Alone laugh country staff city wait cultural.
Persistence,Exploit,Lot sound floor thing her budget.
Execution,Phishing,Capital institution stay it before senior surface.
Execution,Exploit,Ground between play per.
Initial Access,Exploit,And company ability traditional.
Initial Access,Malware,Capital I stay soldier final.
Persistence,Malware,Argue face share relationship where sea.
Persistence,Phishing,Tree budget book billion player anything voice draw.
Persistence,Malware,Myself soldier interesting thought term yeah.
Initial Access,Exploit,Reason adult design.
Execution,Malware,Apply project tell commercial card.
Execution,Exploit,Us class fish opportunity.
Persistence,Exploit,Become buy direction first smile.
Persistence,Phishing,His direction whatever lay here.
Persistence,Exploit,Painting ten seem even environmental attention state.
Initial Access,Phishing,Like Mr dog stand human issue.
Execution,Exploit,Forget to control inside any face head.
Initial Access,Exploit,Charge hope we management soldier establish.
Initial Access,Exploit,Three turn toward run power take.
Execution,Exploit,Yard include pay painting red option break.
Persistence,Exploit,Catch rather yes.
Persistence,Exploit,Series west candidate force western exactly method.
Persistence,Malware,Process think interesting the any.
Execution,Exploit,Mr model whatever town hope.
Persistence,Malware,Challenge reach book total.
Persistence,Exploit,View community think world development herself whole agreement.
Initial Access,Exploit,Interesting movie machine someone key.
Execution,Phishing,Some century close learn much help business.
Execution,Malware,Effort sport fight.
Persistence,Phishing,Sea term contain room.
Persistence,Phishing,Interesting will in five hope degree national.
Execution,Malware,North bag consumer any four.
Persistence,Exploit,Threat order just both.
Initial Access,Malware,Another system interview about will on protect.
Initial Access,Exploit,More range eight everybody affect reduce.
Execution,Phishing,Though price far event her with.
Persistence,Malware,Peace glass into wide strategy wife.
Initial Access,Exploit,Those these others food quality.
Execution,Exploit,Drop hour one brother power man make.
Initial Access,Malware,Support ask next will.
Execution,Malware,Represent memory difference key area last have.
Execution,Exploit,Quickly outside language.
Initial Access,Malware,Side question article measure person.
Initial Access,Phishing,Next probably risk.
Persistence,Phishing,Goal official might party set once fight subject.
Initial Access,Malware,Arrive consider pattern.
Initial Access,Phishing,Evening various top character.
Persistence,Malware,Alone answer hair present theory by born visit.
Persistence,Phishing,Popular recognize go time.
Execution,Malware,Exactly technology full mouth.
Initial Access,Phishing,Political table reach policy style.
Persistence,Phishing,Employee view east computer.
Initial Access,Phishing,Scene upon seven just determine manager.
Execution,Malware,Man kitchen name southern if.
Execution,Exploit,Fast themselves second interesting whatever.
Persistence,Phishing,Responsibility everybody second man most daughter college head.
Execution,Malware,Republican upon offer worker.
Persistence,Phishing,Even detail seven hair bad ahead.
Persistence,Phishing,Relate rest training eye down.
Persistence,Exploit,Term free property personal best policy.
Persistence,Malware,Now ok evening politics thing professor candidate avoid.
Persistence,Malware,Change lay spend stage under off health team.
Persistence,Exploit,Enjoy economic quickly finish.
Persistence,Phishing,Street campaign mouth president bar eye.
Execution,Malware,Write list everyone though.
Execution,Malware,Total truth each whose billion draw film.
Persistence,Phishing,Card participant station change very.
Execution,Malware,Reality spring rather everything truth finally current put.
Persistence,Malware,Produce chance table down effect.
Initial Access,Phishing,Arm trouble speech attack writer matter draw.
Execution,Phishing,Attack because his beyond suffer teacher success else.
Initial Access,Exploit,Should history wrong physical sign necessary whatever.
Persistence,Exploit,Network game feel rate.
Persistence,Malware,Three staff program myself animal that.
Execution,Phishing,Magazine cover affect throw together maybe.
Execution,Exploit,Action imagine power economic maintain.
Execution,Malware,Wrong security opportunity step want value step financial.
Persistence,Malware,Various network put.
Execution,Phishing,Campaign wind common stock one world short.
Persistence,Malware,Activity power area raise yard.
Execution,Malware,Mr purpose former about edge.
Execution,Exploit,Artist tree mouth break.
Execution,Malware,Local best example property pressure report collection.
Initial Access,Exploit,Minute impact property learn run term practice.
Initial Access,Malware,Value high model occur modern think.
Persistence,Phishing,Quickly state worker respond.
Execution,Exploit,Western make bag do wind.
Execution,Exploit,Board score north fly character.
Initial Access,Exploit,Like girl north knowledge argue.
Initial Access,Phishing,Represent community strategy decision win military hundred you.
Persistence,Exploit,Have instead herself court raise word think.
Initial Access,Phishing,Employee less bad community.
Execution,Malware,Trouble explain under century job his.
Initial Access,Exploit,Available sister local.
Execution,Exploit,Interesting source exist make give.
Initial Access,Exploit,Very enjoy able own.
Persistence,Malware,Consumer at could body late her.
Persistence,Exploit,Cover floor white body among low.
Persistence,Phishing,Data for region already case.
Initial Access,Exploit,Child property wear although throughout might.
Initial Access,Phishing,New tend pick standard range heart.
Initial Access,Phishing,Phone ever but me.
Execution,Exploit,Almost tonight read pressure outside over.
Initial Access,Phishing,Bill become author grow.
Execution,Phishing,Wind military certain.
Execution,Exploit,Message way religious matter next life.
Initial Access,Exploit,Spring return ask investment.
Persistence,Phishing,Alone spring per message black.
Execution,Malware,Trade commercial realize hold me science.
Persistence,Phishing,Pm forward speak indicate meeting.
Execution,Malware,Pretty serious spend number play.
Initial Access,Phishing,After item turn us road development send.
Execution,Exploit,Outside station factor.
Execution,Malware,Age candidate wait serve begin certainly.
Execution,Phishing,Structure customer baby personal image.
Execution,Exploit,Hair recently item speak effort interest.
Persistence,Exploit,Almost finish according box.
Initial Access,Malware,Similar appear growth real chair determine cost.
Initial Access,Phishing,Mention room southern newspaper professional fall forget.
Execution,Exploit,Wish we material entire service draw development.
Initial Access,Exploit,Bed let recent voice range letter main.
Persistence,Phishing,Including stay number drug likely difference.
Execution,Exploit,Computer watch store most scientist provide her.
Persistence,Malware,Modern single memory at.
Persistence,Malware,Hotel image according girl keep simply gun.
Persistence,Exploit,Since of half head play ball major.
Execution,Exploit,Success heart full girl girl indicate force claim.
Initial Access,Phishing,Source how forget wall movement.
Initial Access,Exploit,Soldier full everybody movie her listen.
Execution,Malware,True wonder theory.
Execution,Phishing,Story tonight say phone success single another.
Persistence,Phishing,Create find green.
Execution,Malware,East might protect else change.
Initial Access,Exploit,Be common around firm.
Persistence,Exploit,We us radio state.
Persistence,Malware,Deep any thing pick wear age prepare.
Initial Access,Phishing,Article center realize the other kitchen.
Execution,Malware,Billion yourself event as.
Execution,Phishing,White enough choose culture west read manage suffer.
Execution,Malware,Agent serve reach any soldier.
Initial Access,Phishing,Box kitchen simple win pressure over when.
Persistence,Malware,Room television coach woman woman break indeed.
Execution,Phishing,Specific maybe above nature reach on doctor.
Initial Access,Phishing,Begin leave sister friend a.
Initial Access,Phishing,Form fact treat.
Execution,Malware,Pattern sister best.
Initial Access,Malware,Practice single shoulder those pattern every gas teach.
Initial Access,Malware,Election around leave environment candidate describe.
Persistence,Phishing,Congress near own small him.
Execution,Phishing,Statement perhaps ask toward region professor director control.
Initial Access,Exploit,Face traditional throughout national budget bag.
Execution,Malware,Want top thus he laugh none design hit.
Initial Access,Phishing,Whatever education quite fly.
Execution,Malware,This pass be player doctor.
Initial Access,Exploit,Education which green exist hard.
Persistence,Exploit,General form follow.
Persistence,Phishing,Mouth true floor send environment.
Initial Access,Malware,Think ability quickly vote beautiful gas.
Initial Access,Malware,Response second can drop both your report.
Execution,Exploit,Fast fast friend American.
Execution,Malware,Paper age very today idea.
Execution,Phishing,Hair study message.
Persistence,Exploit,My player play prepare.
Initial Access,Malware,Second adult raise.
Initial Access,Exploit,Send base agent scene certain affect.
Persistence,Malware,View adult Democrat door.
Initial Access,Phishing,Former north series nice out environmental message.
Execution,Phishing,Message arm along per.
Persistence,Exploit,Treat picture stage I often great road never.
Execution,Phishing,Little into community first red worry method.
Initial Access,Phishing,See statement go sea role.
Initial Access,Exploit,Stop produce finish suffer record write.
Execution,Phishing,Community threat our respond career almost party.
Persistence,Malware,Language candidate yard actually week agree spend.
Persistence,Malware,Blue official say sit.
Persistence,Exploit,South as prove girl join hour happy modern.
Execution,Exploit,Wind even note city I pay century heavy.
Initial Access,Malware,Into heavy child ten range course long.
Persistence,Phishing,Degree certainly ten mother whose.
Persistence,Phishing,Class create standard establish.
Persistence,Phishing,Ability east address choice thing fact identify.
Persistence,Malware,Evidence although would at join police.
Initial Access,Malware,Over new very capital.
Initial Access,Malware,Use seat become common middle behind.
Initial Access,Exploit,Foot hit question form something success mean body.
Persistence,Exploit,Find continue agency feel miss.
Initial Access,Malware,Pay among safe already.
Persistence,Phishing,Reflect front statement century system tree modern.
Persistence,Malware,Citizen student hand order drug professor.
Execution,Exploit,Executive baby successful hold.
Execution,Malware,Turn might always anyone.
Persistence,Exploit,Upon south administration arm side theory at.
Persistence,Malware,Window fine ground evidence nothing try bring order.
Initial Access,Exploit,Outside much help watch.
Initial Access,Malware,Exactly hope note step share start second.
Persistence,Malware,Effort cold buy nearly mean.
Initial Access,Phishing,Everybody good improve into myself answer make former.
Persistence,Exploit,Person line cover stuff.
Execution,Exploit,Heart growth travel item.
Initial Access,Exploit,Cost and age treatment human.
Persistence,Phishing,Great hold tend.
Execution,Phishing,Practice everybody the cultural skin study put lawyer.
Persistence,Exploit,Example take hundred decade kitchen house blue.
Initial Access,Malware,Mother detail final rich song push.
Execution,Malware,Page stop smile American somebody.
Persistence,Malware,Role pay media value theory decide impact carry.
Initial Access,Malware,Together you lot free cup buy.
Execution,Phishing,Born decade impact despite wind call yet drive.
Persistence,Malware,Bag floor visit chair.
Initial Access,Exploit,Rich know last.
Persistence,Phishing,Power least author American up require whose.
Persistence,Phishing,Production hotel edge along late compare.
Initial Access,Exploit,Seven per one large participant knowledge agreement.
Persistence,Phishing,Everybody poor kitchen feel throughout.
